idx,id,year,month,day,weekday,weekend,call_in,call_out,r_mura_gradgona,r_drava_borlformin,r_dravinja_videm,r_savinja_velikosirje,r_sava_radovljica,r_sava_sentjakob,r_sava_hrastnik,r_sava_catez,r_sora_suha,r_krka_podbocje,r_kolpa_radenci,r_ljubljanica_moste,r_soca_solkan,r_vipava_dolenje,r_idrijca_podroteja,r_reka_cmlin,accidents,accidents_people,s_br_temp_avg,s_br_temp_max,s_br_temp_min,s_br_wind_speed,s_br_cloudiness,s_br_humidity,s_br_rainfall,s_br_snow_high,s_br_snow_new,s_br_sunshine_duration,s_br_wind_strong,s_br_wind_storm,s_br_thunderstorm,s_br_freezing_rain,s_br_hail,s_br_frost,s_ce_temp_avg,s_ce_temp_max,s_ce_temp_min,s_ce_wind_speed,s_ce_cloudiness,s_ce_humidity,s_ce_rainfall,s_ce_snow_high,s_ce_snow_new,s_ce_sunshine_duration,s_ce_wind_strong,s_ce_wind_storm,s_ce_thunderstorm,s_ce_freezing_rain,s_ce_hail,s_ce_frost,s_kp_temp_avg,s_kp_temp_max,s_kp_temp_min,s_kp_wind_speed,s_kp_cloudiness,s_kp_humidity,s_kp_rainfall,s_kp_snow_high,s_kp_snow_new,s_kp_sunshine_duration,s_kp_wind_strong,s_kp_wind_storm,s_kp_thunderstorm,s_kp_freezing_rain,s_kp_hail,s_kp_frost,s_kr_temp_avg,s_kr_temp_max,s_kr_temp_min,s_kr_wind_speed,s_kr_cloudiness,s_kr_humidity,s_kr_rainfall,s_kr_snow_high,s_kr_snow_new,s_kr_sunshine_duration,s_kr_wind_strong,s_kr_wind_storm,s_kr_thunderstorm,s_kr_freezing_rain,s_kr_hail,s_kr_frost,s_lj_temp_avg,s_lj_temp_max,s_lj_temp_min,s_lj_wind_speed,s_lj_cloudiness,s_lj_humidity,s_lj_rainfall,s_lj_snow_high,s_lj_snow_new,s_lj_sunshine_duration,s_lj_wind_strong,s_lj_wind_storm,s_lj_thunderstorm,s_lj_freezing_rain,s_lj_hail,s_lj_frost,s_mb_temp_avg,s_mb_temp_max,s_mb_temp_min,s_mb_wind_speed,s_mb_cloudiness,s_mb_humidity,s_mb_rainfall,s_mb_snow_high,s_mb_snow_new,s_mb_sunshine_duration,s_mb_wind_strong,s_mb_wind_storm,s_mb_thunderstorm,s_mb_freezing_rain,s_mb_hail,s_mb_frost,s_ms_temp_avg,s_ms_temp_max,s_ms_temp_min,s_ms_wind_speed,s_ms_cloudiness,s_ms_humidity,s_ms_rainfall,s_ms_snow_high,s_ms_snow_new,s_ms_sunshine_duration,s_ms_wind_strong,s_ms_wind_storm,s_ms_thunderstorm,s_ms_freezing_rain,s_ms_hail,s_ms_frost,s_ng_temp_avg,s_ng_temp_max,s_ng_temp_min,s_ng_wind_speed,s_ng_cloudiness,s_ng_humidity,s_ng_rainfall,s_ng_snow_high,s_ng_snow_new,s_ng_sunshine_duration,s_ng_wind_strong,s_ng_wind_storm,s_ng_thunderstorm,s_ng_freezing_rain,s_ng_hail,s_ng_frost,s_nm_temp_avg,s_nm_temp_max,s_nm_temp_min,s_nm_wind_speed,s_nm_cloudiness,s_nm_humidity,s_nm_rainfall,s_nm_snow_high,s_nm_snow_new,s_nm_sunshine_duration,s_nm_wind_strong,s_nm_wind_storm,s_nm_thunderstorm,s_nm_freezing_rain,s_nm_hail,s_nm_frost,s_po_temp_avg,s_po_temp_max,s_po_temp_min,s_po_wind_speed,s_po_cloudiness,s_po_humidity,s_po_rainfall,s_po_snow_high,s_po_snow_new,s_po_sunshine_duration,s_po_wind_strong,s_po_wind_storm,s_po_thunderstorm,s_po_freezing_rain,s_po_hail,s_po_frost,bdp,unemployment
1,1,2015,1,1,5,1,1369,641,65,148,9,39,2,91,210,249,21,24,65,61,96,18,16,8,50,94,-2.2,0.6,,0.7,93,81,0,0,0,,0,0,0,0,0,0,-3.3,1.5,-9.4,1,63,87,0,0,0,1.6,0,0,0,0,0,0,1.9,8.9,-4.7,3.2,40,72,0,0,0,2.8,0,0,0,0,0,0,-3.7,1.4,,0.5,57,77,0,0,0,,0,0,0,0,0,0,-2,1.4,-4,0.5,63,75,0,0,0,2.4,0,0,0,0,0,0,-3.6,1.5,-8.1,0.6,63,81,0,0,0,1.6,0,0,0,0,0,0,-4,0.7,-8.6,0.4,63,87,0,0,0,0.2,0,0,0,0,0,0,0.2,8.9,-5.3,0.9,33,72,0,0,0,3.2,0,0,0,0,0,0,-1.4,1.1,-7.5,0.5,97,79,0,0,0,0.6,0,0,0,0,0,0,-1.7,6,-8.4,0.4,47,79,0,0,0,1.7,0,0,0,0,0,0,3.3,12.9
2,2,2015,1,2,6,2,1132,510,65,148,9,7,2,6,210,249,21,24,65,61,96,18,16,8,40,75,-1,0.4,,1.2,90,93,0,0,0,,0,0,0,0,0,0,-3.2,-1,-10.9,1,70,97,0,0,0,0,0,0,0,0,0,0,4.6,6.1,-4.6,1,97,94,0,0,0,0,0,0,0,0,0,0,-3.4,-1.1,,0.6,93,88,0,0,0,,0,0,0,0,0,0,-2.4,-0.5,-8.7,0.6,93,94,0,0,0,0,0,0,0,0,0,0,-2.7,-1.7,-10.1,1.4,100,91,0,0,0,0,0,0,0,0,0,0,-3.3,-0.8,-9.7,1.9,100,94,0,0,0,0,0,0,0,0,0,0,1.4,3.8,-7,1.5,77,98,0,0,0,0,0,0,0,0,0,0,-1.9,-0.5,-7.4,0.7,77,97,0,0,0,0,0,0,0,0,0,0,-2.9,-0.5,-9.2,2.7,100,98,0,0,0,0.5,0,0,0,0,0,0,3.3,12.9
3,3,2015,1,3,7,3,966,469,65,148,9,7,2,6,210,249,21,24,65,61,96,18,16,8,30,56,-4.3,-0.7,,2.7,100,91,8.6,13,13,,0,0,0,0,0,0,-5,-1.6,-5.4,2.6,100,96,6.9,7,7,0,0,0,0,0,0,0,1.8,6.7,0,4.5,70,66,21.8,0,0,0,1,0,0,0,0,0,-4.8,-1.8,,1.9,100,86,10.3,9,9,,0,0,0,0,0,0,-4.2,-1.5,-4.1,1.1,97,90,12.8,13,13,0.3,0,0,0,0,0,0,-5.2,-1.9,-5.5,2.6,100,86,3.1,3,3,0,0,0,0,0,0,0,-5.3,-3,-5.3,2,100,84,2.5,3,3,0,0,0,0,0,0,0,1.8,4,0.8,4.7,53,58,20.4,0,0,2.1,1,0,0,0,0,0,-4.8,-1.5,-3.5,2.6,100,95,13.2,16,16,0,0,0,0,0,0,0,-5.5,-2.5,-5.5,6,97,86,13.1,15,15,1.5,1,0,0,0,0,0,3.3,12.9
4,4,2015,1,4,1,1,1112,465,65,148,2,7,2,91,210,249,21,24,65,61,96,18,16,8,45,85,-6.2,-4.6,,2.2,100,88,1.5,16,3,,0,0,0,0,0,0,-6.5,-3.7,-10,0.8,97,92,1.2,8,3,0,0,0,0,0,0,0,4.4,6.1,-1.9,2.3,100,95,1.1,0,0,0,0,0,0,0,0,0,-8.5,-4.8,,0.4,73,87,0.3,10,1,,0,0,0,0,0,0,-4.9,-4.3,-7,0.7,100,90,2.3,14,1,0,0,0,0,0,0,0,-6.8,-5.2,-8.4,2,97,84,0.6,4,1,0,0,0,0,0,0,0,-8.3,-5.6,-8.2,2.2,100,86,0.7,4,2,0,1,1,0,0,0,0,0.5,1.3,-0.7,1.6,100,95,1,1,1,0,0,0,0,0,0,0,-5.9,-4,-7.4,1.3,100,91,4.5,17,4,0,0,0,0,0,0,0,-4.4,-2.8,-8.5,1.5,100,97,0.9,14,1,0,0,0,0,0,0,0,3.3,12.9
5,5,2015,1,5,2,1,1098,500,65,148,9,39,38,91,210,249,21,63,65,61,96,18,16,8,45,85,-2.8,-1.3,,0.9,100,95,3.3,18,2,,0,0,0,1,0,0,-6.1,-2.5,-17.5,0.6,63,98,1.2,9,1,1.1,0,0,0,1,0,0,5.3,7.3,-0.1,1.2,97,98,6.4,0,0,0,0,0,0,0,0,0,-2.9,-1.5,,1.3,100,92,1.5,11,1,,0,0,0,0,0,1,-1.7,-0.4,-5,0.9,100,95,1.4,14,1,0,0,0,0,1,0,1,-5.9,-3.3,-15.3,1,97,91,1.4,6,2,0,0,0,0,1,0,0,-5.3,-3.5,-15.7,0.9,100,93,1.5,5,1,0,0,0,0,0,0,0,2.2,3.4,-1,0.7,93,99,5.8,2,2,0,0,0,0,0,0,0,-2.5,-0.6,-9.4,0.8,100,94,1.8,17,2,0.9,0,0,0,1,0,0,-0.5,1.3,-7.5,1.5,100,98,4.1,17,4,0,0,0,0,0,0,0,3.3,12.9
6,6,2015,1,6,3,1,1157,544,65,148,9,39,38,91,210,249,21,24,65,61,96,18,16,8,45,85,-1,-0.1,,2.5,100,96,4.4,17,1,,0,0,0,0,0,0,-2,-0.7,-4.1,0.8,100,99,0.4,8,0,0,0,0,0,0,0,0,4.5,7,0.8,1.1,100,97,3.1,0,0,0,0,0,0,0,0,0,-0.3,0.9,,0.9,100,95,3,13,2,,0,0,0,0,0,0,0.4,1.1,-0.8,0.4,100,97,0.6,17,4,0,0,0,0,0,0,0,-1.8,-0.4,-6.3,2.7,100,92,0,5,0,0,0,0,0,0,0,0,-1.9,-1.4,-4,1.4,100,95,0.7,4,1,0,0,0,0,0,0,0,2,5.3,-0.7,0.6,80,99,2.5,0,0,0,0,0,0,0,0,0,-0.9,-0.5,-2.1,1,100,99,3.7,15,0,0,1,0,0,0,0,0,0,1.3,-0.5,4.6,100,97,11.8,12,0,0,0,0,0,0,0,0,3.3,12.9
7,7,2015,1,7,4,1,1599,496,65,148,9,39,38,91,30,64,21,24,65,61,96,18,16,8,45,85,-1.1,0.5,,2.2,97,97,11.5,27,14,,0,0,0,0,0,0,-1.9,4.7,-12.2,1.5,43,91,1.1,9,1,5.4,0,0,0,0,0,0,6.1,10.9,-3.1,3.6,37,80,0.9,0,0,4.8,0,0,0,0,0,0,-1.8,-0.5,,0.4,100,95,0,13,0,,0,0,0,0,0,0,-1.4,0.4,-0.3,0.8,100,99,1.2,16,1,0,0,0,0,0,0,0,-0.6,5.5,-7.8,1.1,67,88,2.3,8,3,4.8,0,0,0,0,0,0,-2.6,1.9,-13.1,1.5,33,91,4,9,5,4.5,0,0,0,0,0,0,2.4,8.8,-6.3,0.3,47,92,0.1,0,0,5,0,0,0,0,0,0,-1.2,0.1,-3.5,1.3,100,99,13.8,27,15,0,0,0,0,0,0,0,0.3,4.5,-8.7,1,63,89,1.1,13,1,3.7,0,0,0,0,0,0,3.3,12.9
8,8,2015,1,8,5,1,1134,515,65,148,9,39,38,91,30,64,21,24,65,61,96,18,16,8,50,94,-1.3,0.8,,0.4,77,97,0,20,0,,0,0,0,1,0,0,-0.3,3.5,-12.2,0.9,77,96,0,8,0,0.8,0,0,0,0,0,0,7.7,9.3,-2.3,0.4,93,97,0,0,0,0,0,0,0,0,0,0,-1.9,0.7,,0.8,77,93,0,11,0,,0,0,0,1,0,0,0,1.2,-3.5,0.9,100,98,0,16,0,0,0,0,0,1,0,0,-0.6,1.5,-8.9,1.5,97,93,0,7,0,0,0,0,0,0,0,0,-0.6,0.5,-4.8,1.1,93,98,0,7,0,0,0,0,0,0,0,0,4.1,6.9,-2.4,0.7,67,99,0,0,0,0,0,0,0,0,0,0,-0.5,1.5,-8.4,1.2,80,99,0,22,0,0,0,0,0,0,0,0,2.8,3.3,-1.9,1,100,98,0,10,0,0,0,0,0,0,0,0,3.3,12.9
9,9,2015,1,9,6,2,1051,483,65,148,9,39,38,91,30,64,21,24,65,61,96,60,70,20,40,75,1.7,4.1,,1.4,97,96,1.5,16,0,,0,0,0,0,0,0,1.4,2,-0.1,0.7,100,98,1.4,5,0,0,0,0,0,0,0,0,9.9,11.2,6.7,0.9,100,98,9.3,0,0,0,0,0,0,0,0,0,1.2,2.9,,0.6,97,97,4.8,7,0,,0,0,0,0,0,0,2.3,3,0.7,0.6,80,98,6.5,11,0,0,0,0,0,0,0,0,1.6,3.6,0.2,0.9,93,92,0,5,0,0,0,0,0,0,0,0,1.3,2.4,-0.8,0.6,100,100,0.3,6,0,0,0,0,0,0,0,0,6.9,7.7,5.3,0.2,100,99,4,0,0,0,0,0,0,0,0,0,2.4,4.6,0,0.8,97,99,1.1,15,0,0.9,0,0,0,0,0,0,8.2,9.5,1,2.2,100,98,19.4,7,0,0,0,0,0,0,0,0,3.3,12.9
10,10,2015,1,10,7,3,1037,522,65,148,9,39,38,91,30,64,21,24,65,61,96,133,140,44,30,56,1.6,4,,0.9,97,98,3.4,9,0,,0,0,0,0,0,0,6.7,11.2,0.5,1.2,87,94,13.2,2,0,3.5,1,0,0,0,0,0,9.6,13.4,7,1,97,94,20.6,0,0,0.1,0,0,0,0,0,0,5.9,8,,1,97,94,20.6,4,0,,0,0,0,0,0,0,6.3,10.9,1,1,90,93,20.5,6,0,1.8,0,0,0,0,0,0,2,6.3,0.2,0.7,77,93,6.1,0,0,4.5,0,0,0,0,0,0,0.1,1.8,0.1,1.5,100,100,2.6,3,0,0,1,1,0,0,0,0,8.2,9.1,7.1,0.5,100,99,37.7,0,0,0,0,0,0,0,0,0,3.6,9,0.4,0.8,90,98,5.1,8,0,3.5,0,0,0,0,0,0,8.6,9.9,7,3.4,100,96,48.2,0,0,0.1,0,0,0,0,0,0,3.3,12.9
11,11,2015,1,11,1,1,1871,941,100,200,40,200,150,300,600,700,60,24,200,100,300,60,277,20,45,85,10.5,16.8,,2.5,80,78,0,5,0,,1,0,0,0,0,0,10.4,16.5,2.8,4.4,93,78,0.4,0,0,0.9,1,1,0,0,0,0,14.6,17.4,6.5,4.9,77,68,0,0,0,0,1,0,0,0,0,0,9.2,11.9,,1.9,97,91,1.1,0,0,,1,1,0,0,0,0,12.2,14.6,3.1,4.7,83,77,2,0,0,2.2,1,0,0,0,0,0,9.8,17,-0.6,5.8,90,70,0,0,0,2.3,1,1,0,0,0,0,8.2,15.8,-0.6,2.4,80,81,0,1,0,1,1,0,0,0,0,0,12.6,15.5,7.6,4.9,100,83,10.7,0,0,0,1,1,0,0,0,0,12.5,15.6,1,3.9,93,68,0,1,0,0.3,1,1,0,0,0,0,9.9,11.3,7.8,10.6,100,92,7.7,0,0,0,1,1,1,0,0,0,3.3,12.9
12,12,2015,1,12,2,1,1143,506,124,285,94,474,335,649,1050,1415,135,24,431,192,699,18,16,8,45,85,5,12.2,,0.5,13,83,13.2,0,0,,0,0,0,0,0,0,3.3,11.2,-0.7,0.8,37,91,37.3,0,0,5.7,0,0,1,0,0,0,7.3,13.7,2.8,4.2,7,72,1.7,0,0,7.8,0,0,0,0,0,0,3.1,10.5,,1.4,50,84,22.9,0,0,,1,0,1,0,0,0,6.4,13.2,3.5,1.5,37,79,19,0,0,5,0,0,1,0,0,0,4.3,11.6,1.9,1.9,40,82,26.1,0,0,6.5,1,0,0,0,0,0,4.1,10.1,3,1.7,50,86,21.5,0,0,5,1,1,0,0,0,0,6.3,12.6,5.8,2.5,7,79,14.1,0,0,6.6,1,0,0,0,0,0,5.7,13.1,0.4,0.8,23,75,7.6,0,0,4.5,0,0,0,0,0,0,3.7,10.6,1.3,2.7,23,70,26,0,0,7.5,1,0,0,0,0,0,3.3,12.9
13,13,2015,1,13,3,1,1224,549,100,200,40,200,150,300,600,700,60,24,200,100,300,18,16,8,45,85,1.6,11,,1.1,40,85,0,0,0,,0,0,0,0,0,0,2.4,9.5,-4.6,2,30,85,0,0,0,6.1,0,0,0,0,0,0,4.5,10.9,-2.3,2.4,13,88,0,0,0,3.1,0,0,0,0,0,0,-1.8,4.8,,0.8,30,98,0,0,0,,1,1,0,0,0,0,0.7,5.2,-1.7,0.7,80,96,0,0,0,2.9,0,0,0,0,0,0,3.6,10.6,-2.6,1.3,57,68,0,0,0,4.2,0,0,0,0,0,0,2.9,10.2,-4,1.7,47,81,0,0,0,2.3,0,0,0,0,0,0,3.3,10.9,-2.1,0.9,47,92,0,0,0,5.9,0,0,0,0,0,0,2.9,11.5,-2.4,1.1,40,87,0,0,0,5.9,0,0,0,0,0,0,1.9,9.7,-3.3,0.9,43,85,0,0,0,6.7,0,0,0,0,0,0,3.3,12.9
14,14,2015,1,14,4,1,1043,454,65,148,9,39,38,91,210,249,21,24,65,61,96,18,16,8,45,85,0.3,3.5,,1,73,96,0,0,0,,0,0,0,0,0,0,0.9,3.7,-7.2,0.7,80,91,0,0,0,1.4,0,0,0,0,0,0,6.5,10.9,-2.6,2.1,67,84,0,0,0,0,0,0,0,0,0,0,-0.9,1.3,,0.4,73,94,0,0,0,,0,0,0,0,0,0,0.3,1.3,-2.2,0.6,100,98,0,0,0,0,0,0,0,0,0,1,2.5,6.7,-5.1,1.3,53,76,0,0,0,3.9,0,0,0,0,0,0,3.5,7.4,-3.9,1.8,27,76,0,0,0,3.7,0,0,0,0,0,0,4.5,9.6,-4.1,0.8,67,88,0,0,0,0.3,0,0,0,0,0,0,1.1,3.9,-5,1.4,57,92,0,0,0,0,0,0,0,0,0,0,1.4,6,-5.7,1.9,77,89,0,0,0,0.7,0,0,0,0,0,0,3.3,12.9
15,15,2015,1,15,5,1,1129,460,65,148,9,39,38,91,210,249,21,24,65,61,96,18,16,8,50,94,0.8,4.3,,1.1,80,97,4.7,0,0,,0,0,0,0,0,0,0.6,5.1,-0.7,1.7,73,92,1,0,0,0.6,0,0,0,0,0,0,4.5,10.7,3.4,2.2,40,81,7.6,0,0,4.1,1,0,0,0,0,0,0,4,,0.6,90,94,2.5,1,1,,0,0,0,0,0,0,1.3,4.1,0.7,1.3,80,94,6.4,0,0,0.6,0,0,0,0,0,0,1.9,4.5,-1.9,2,93,82,0,0,0,0.2,0,0,0,0,0,0,1.3,4.7,-0.5,1.4,87,87,0,0,0,0,1,1,0,0,0,0,3.2,9.7,3.9,1.5,53,82,8.5,0,0,4.2,0,0,0,0,0,0,1,4,0,0.9,100,99,3.9,0,0,0,0,0,0,0,0,0,1,4.7,1,3.1,67,92,12.1,0,0,3.4,0,0,0,0,0,0,3.3,12.9
16,16,2015,1,16,6,2,917,399,65,148,9,39,38,91,210,249,21,24,65,61,96,18,16,8,40,75,0.8,4.2,,1.4,57,81,0.9,0,0,,0,0,0,0,0,0,-1,4.1,-9.1,2.9,37,79,0,0,0,3.8,0,0,0,0,0,0,3.4,8.9,-7,4,3,59,0.5,0,0,8.3,1,0,0,0,0,0,-1.3,3.6,,0.5,57,84,0.4,0,0,,0,0,0,0,0,0,-0.1,3.5,-1.2,1,53,87,2.9,0,0,4.1,0,0,0,0,0,0,-1.1,3,-7,2.1,43,77,0,0,0,2.4,0,0,0,0,0,0,-0.1,3.8,-8,4,50,71,0,0,0,3.5,1,0,0,0,0,0,3,9.4,-6.6,3.2,3,62,0.2,0,0,6.4,0,0,0,0,0,0,-0.2,2.6,-2.6,1.5,40,90,3.6,0,0,2,0,0,0,0,0,0,-0.8,3,-4,2.7,20,78,2,0,0,7.4,0,0,0,0,0,0,3.3,12.9
17,17,2015,1,17,7,3,890,413,65,148,9,39,38,91,210,249,21,24,65,61,96,18,16,8,30,56,-0.9,3.4,,2.3,27,70,0,0,0,,0,0,0,0,0,0,-1.6,3.9,-10.5,1.6,50,76,0,0,0,6.8,0,0,0,0,0,0,0.9,6.9,-2.5,1.9,17,56,0,0,0,7.2,0,0,0,0,0,0,-1.1,3.6,,2.7,37,58,0,0,0,,1,0,0,0,0,0,-1.5,3,-8.3,0.7,23,71,0,0,0,7.6,0,0,0,0,0,0,-1.9,2.7,-9.7,1.9,57,70,0,0,0,6.4,0,0,0,0,0,0,-2.2,2,-8.3,2.9,27,77,0,0,0,3.8,0,0,0,0,0,0,-0.7,7.7,-5.9,0.8,17,72,0,0,0,6.7,0,0,0,0,0,0,-1.5,3.5,-7,1.2,33,76,0.1,0,0,6.3,0,0,0,0,0,0,-1.8,2.2,-7,1.7,40,58,0,0,0,7.2,0,0,0,0,0,0,3.3,12.9
18,18,2015,1,18,1,1,1081,459,65,148,9,39,38,91,210,249,21,24,65,61,96,18,16,8,45,85,-5.2,0.4,,0.6,17,80,0,0,0,,0,0,0,0,0,0,-5.3,0.3,-11,1.1,3,85,0,0,0,6.2,0,0,0,0,0,0,-0.1,7,-9.8,3.6,0,46,0,0,0,8.5,0,0,0,0,0,0,-5.9,1.5,,0.9,3,75,0,0,0,,1,0,0,0,0,0,-3.3,0.5,-8.3,1,3,74,0,0,0,7.8,0,0,0,0,0,0,-4.6,-0.1,-10.3,1.5,7,76,0,0,0,5.9,0,0,0,0,0,0,-4.6,1.1,-9.7,1,10,76,0,0,0,6.4,0,0,0,0,0,0,-2.5,6.6,-9.9,1.6,0,69,0,0,0,6,0,0,0,0,0,0,-4.9,-0.1,-7.6,0.7,20,82,0,0,0,5.1,0,0,0,0,0,0,-5.2,0.2,-7.2,2.6,0,76,0,0,0,8,0,0,0,0,0,0,3.3,12.9
19,19,2015,1,19,2,1,1049,425,65,148,9,39,38,91,210,249,21,24,65,61,96,18,16,8,45,85,-5.4,-0.7,,0.8,33,87,0,0,0,,0,0,0,0,0,0,-5.8,-0.5,-12.8,0.8,47,87,0,0,0,2.8,0,0,0,0,0,0,-0.7,7.2,-8.3,3.6,37,63,0,0,0,8,0,0,0,0,0,0,-7.8,-1.8,,0.7,50,78,0,0,0,,0,0,0,0,0,0,-4.4,-1.3,-11,0.9,30,83,0,0,0,1.9,0,0,0,0,0,0,-5.9,-0.6,-12.5,1.4,43,79,0,0,0,1.9,0,0,0,0,0,0,-4.1,-0.2,-13,1.8,63,76,0,0,0,1.5,0,0,0,0,0,0,-2.9,5.5,-9.7,1.4,40,74,0,0,0,6.6,0,0,0,0,0,0,-4.8,-0.1,-10.6,1.1,37,80,0,0,0,5,0,0,0,0,0,0,-4.9,2.3,-12.2,3,23,74,0,0,0,6.8,0,0,0,0,0,0,3.3,12.9
20,20,2015,1,20,3,1,1037,379,47,90,9,39,38,91,210,249,21,24,65,61,96,18,16,8,45,85,-2.8,2,,0.8,73,86,0,0,0,,0,0,0,0,0,0,-4.1,2.1,-11.9,0.9,67,83,0,0,0,3.2,0,0,0,0,0,0,0.4,7.2,-7,3.2,37,72,0,0,0,8.1,0,0,0,0,0,0,-4.8,2.5,,0.6,63,67,0,0,0,,0,0,0,0,0,0,-2.5,2.1,-9.8,0.8,53,76,0,0,0,2.4,0,0,0,0,0,0,-4,1.7,-11.2,0.5,80,75,0,0,0,3.9,0,0,0,0,0,0,-3.7,1.6,-9.8,0.8,60,82,0,0,0,4.1,0,0,0,0,0,0,-1.4,6.6,-9,1.5,47,79,0,0,0,5.6,0,0,0,0,0,0,-1.7,4.2,-8.6,1.2,73,80,0,0,0,2.5,0,0,0,0,0,0,-2.1,4,-10,3.6,70,73,0,0,0,5,0,0,0,0,0,0,3.3,12.9
21,21,2015,1,21,4,1,1323,527,47,90,9,39,38,91,210,249,21,24,65,61,96,18,16,8,45,85,-2.1,4.3,,2.3,3,77,0,0,0,,0,0,0,0,0,0,-3.5,3.5,-12.8,1.7,10,82,0,0,0,7.4,0,0,0,0,0,0,1.9,8.3,-7,3.1,27,76,0,0,0,8.3,0,0,0,0,0,0,-4.1,3.9,,1,30,72,0,0,0,,0,0,0,0,0,0,-1.7,4,-10.5,0.8,17,72,0,0,0,8,0,0,0,0,0,0,-3.3,2.8,-10.6,1.1,43,78,0,0,0,6.6,0,0,0,0,0,0,-3.1,3.5,-9.8,1.6,10,77,0,0,0,6.3,0,0,0,0,0,0,2.5,10,-8.3,2.4,3,59,0,0,0,8.2,0,0,0,0,0,0,-2.2,2.8,-6.6,1.7,3,82,0,0,0,6.1,0,0,0,0,0,0,-1.8,5,-9.8,1.5,3,69,0,0,0,7.7,0,0,0,0,0,0,3.3,12.9
22,22,2015,1,22,5,1,1358,539,47,90,9,39,38,91,210,249,21,24,65,61,96,18,16,8,50,94,-3.4,1.8,,0.8,30,77,0,0,0,,0,0,0,0,0,0,-4,1.8,-9.5,1.1,37,79,0,0,0,3.8,0,0,0,0,0,0,1.6,8.7,-9,2.5,67,63,0,0,0,1.7,0,0,0,0,0,0,-5.1,0.6,,0.5,53,77,0,0,0,,0,0,0,0,0,0,-2.2,1,-4,0.8,40,70,0,0,0,4.5,0,0,0,0,0,0,-4,1.5,-9.4,1.3,20,75,0,0,0,6.4,0,0,0,0,0,0,-3.8,1.8,-9.3,1.1,3,75,0,0,0,6.7,0,0,0,0,0,0,0.6,7,-0.4,1.9,30,64,0,0,0,6.1,0,0,0,0,0,0,-2.7,2,-7.1,0.7,30,77,0,0,0,7.5,0,0,0,0,0,0,-3,0.8,-6,5.5,33,76,0,0,0,7.3,0,0,0,0,0,0,3.3,12.9
23,23,2015,1,23,6,2,1139,521,47,90,9,39,38,91,210,249,21,24,65,61,96,18,16,8,40,75,-5.3,-1.8,,0.9,63,95,0,0,0,,0,0,0,0,0,0,-6.1,-0.7,-13.1,0.7,63,97,0,0,0,0.2,0,0,0,0,0,0,2.3,9.4,-4.8,2.3,50,77,0,0,0,2.8,0,0,0,0,0,0,-6.7,0.1,,0.1,73,85,0,0,0,,0,0,0,0,0,0,-4.2,-0.4,-6.9,0.4,60,91,0,0,0,2.1,0,0,0,0,0,0,-5.4,-1.2,-12.6,1,73,84,0,0,0,0,0,0,0,0,0,0,-5.2,-2.3,-11.8,0.9,70,89,0,0,0,0,1,0,0,0,0,0,0,8.4,-7.7,0.7,43,80,0,0,0,4.6,0,0,0,0,0,0,-4.8,0.1,-9.5,1.5,63,92,0,0,0,0,0,0,0,0,0,0,-2.1,4.2,-10.4,0.9,70,90,0,0,0,1.5,0,0,0,0,0,0,3.3,12.9
24,24,2015,1,24,7,3,1132,534,47,90,9,39,38,91,210,249,21,24,65,61,96,18,16,8,30,56,-1.1,5.2,,0.6,27,85,0,0,0,,0,0,0,0,0,0,-2.4,5,-12.1,1.1,50,88,0,0,0,3.6,0,0,0,0,0,0,1.3,8.4,-5.3,3.6,37,80,0,0,0,4.7,0,0,0,0,0,0,-4.5,3.3,,0.3,50,80,0,0,0,,0,0,0,0,0,0,-2,3.3,-10,0.4,53,84,0,0,0,5.1,0,0,0,0,0,0,-0.3,6.9,-10.7,1.2,63,74,0,0,0,5.6,0,0,0,0,0,0,-1.3,6.8,-10.2,0.7,17,81,0.1,1,1,4.3,0,0,0,0,0,0,-0.4,7.9,-7.8,1.3,40,86,0,0,0,3.2,0,0,0,0,0,0,-0.6,6.9,-8.2,1.1,50,82,0,0,0,4.8,0,0,0,0,0,0,-0.8,9.9,-8.5,1.6,67,76,0,0,0,3.9,0,0,0,0,0,0,3.3,12.9
25,25,2015,1,25,1,1,1305,539,47,90,9,39,38,91,210,249,21,24,65,61,96,18,16,8,45,85,2.6,8.6,,0.5,67,82,0,0,0,,0,0,0,0,0,0,2.6,11.2,-6.5,0.9,67,75,0,0,0,3.9,0,0,0,1,0,0,2.5,8.9,-4.3,2.6,37,86,0,0,0,4.7,0,0,0,0,0,0,0.1,7.2,,1.1,67,74,0,0,0,,0,0,0,0,0,0,2.6,7.6,-2,0.7,67,75,0,0,0,2.6,0,0,0,0,0,0,2.8,9.3,-3.5,0.6,73,75,0,0,0,3.4,0,0,0,0,0,0,1.9,4.7,-4.7,1,97,88,0,0,0,0.6,1,1,0,0,0,0,1.2,8.7,-5.2,1.4,67,86,0,0,0,4.3,0,0,0,0,0,0,4.2,11.2,-2,1.5,60,70,0,0,0,3.6,0,0,0,0,0,0,1.3,10.2,-6,0.7,50,79,0,0,0,4.9,0,0,0,0,0,0,3.3,12.9
26,26,2015,1,26,2,1,1288,509,47,90,9,39,38,91,210,249,21,24,65,61,96,18,16,8,45,85,3.3,13.5,,0.9,23,76,0,0,0,,0,0,0,0,0,0,2.6,14.4,-5.9,0.7,40,79,0,0,0,5,0,0,0,0,0,0,3.7,9.4,-3.3,2.8,17,86,0,0,0,5.1,0,0,0,0,0,0,0.7,12.2,,0.6,20,72,0,0,0,,0,0,0,0,0,0,3.3,10.2,-4.3,0.4,37,73,0,0,0,6.7,0,0,0,0,0,0,4.4,15.1,-4,1.4,40,77,0.2,0,0,4.4,0,0,0,0,0,0,3.7,13.1,-3.3,0.9,20,79,0.7,0,0,5.5,0,0,0,0,0,0,2.1,11.3,-4.7,1.3,40,84,0,0,0,5.3,0,0,0,0,0,0,4.9,14.2,-1.6,1.4,30,73,0,0,0,6.3,0,0,0,0,0,0,2.6,14,-6,0,27,70,0,0,0,7,0,0,0,0,0,0,3.3,12.9
27,27,2015,1,27,3,1,1340,672,65,148,9,39,38,91,210,249,21,24,65,61,96,18,16,8,45,85,7.9,14.7,,3,23,70,0,0,0,,0,0,0,0,0,0,4.1,15.4,-6.7,1,47,80,0,0,0,7,0,0,0,0,0,0,6.7,9.9,-2.9,2.1,97,91,0,0,0,0,0,0,0,0,0,0,3.2,12.8,,0.7,50,75,0,0,0,,0,0,0,0,0,0,6.7,13,-4.7,1.5,40,73,0,0,0,7.5,0,0,0,0,0,0,5.1,15.9,-2.3,1.1,43,77,0,0,0,6.2,0,0,0,0,0,0,2.9,12.3,-4.4,0.6,30,83,0,0,0,4.9,0,0,0,0,0,0,4.5,9.8,-4.7,0.5,70,87,0,0,0,1.3,0,0,0,0,0,0,7.3,15.3,-2,1.5,30,76,0,0,0,8,0,0,0,0,0,0,5,10.7,-5.8,2.6,90,87,0,0,0,5.8,0,0,0,0,0,0,3.3,12.9
28,28,2015,1,28,4,1,1258,470,65,148,9,39,38,91,210,249,21,24,65,61,96,18,16,8,45,85,10.2,15.6,,5.7,20,71,0,0,0,,1,0,0,0,0,0,5.6,14.6,-2.5,2.4,20,82,0,0,0,7.4,0,0,0,0,0,0,8.7,10.4,1.4,1,100,91,0,0,0,0,0,0,0,0,0,0,3.1,13,,2.6,43,81,0,0,0,,0,0,0,0,0,0,7.1,11.5,3.5,2.1,63,79,0,0,0,0.9,0,0,0,0,0,0,5.2,16.1,-3.7,1.4,17,78,0,0,0,6.2,0,0,0,0,0,0,4.4,16.3,-4,1.3,10,81,0,0,0,7.3,0,0,0,0,0,0,7.8,10.2,3.8,0.5,100,91,0,0,0,0,0,0,0,0,0,0,8.1,15.4,2.9,2.2,33,81,0,0,0,7.2,1,0,0,0,0,0,7.8,8.8,5.8,2,100,96,0,0,0,1,0,0,0,0,0,0,3.3,12.9
29,29,2015,1,29,5,1,1216,497,65,148,9,39,38,91,210,249,21,24,65,61,96,18,16,8,51,94,6.2,15,,1.3,20,81,0,0,0,,0,0,0,0,0,0,2.8,14.2,-5,0.5,30,84,0,0,0,5.7,0,0,0,0,0,0,8.5,10.3,4,1.2,100,87,0,0,0,0,0,0,0,0,0,0,2.6,13.1,,1.9,23,83,0,0,0,,0,0,0,0,0,0,6.8,13.5,0.9,0.9,37,79,0,0,0,6,0,0,0,0,0,0,4.1,12.7,-2.8,1.2,27,80,0,0,0,5.4,0,0,0,0,0,0,4.1,12.7,-3,0.9,30,81,0,0,0,5.5,1,1,0,0,0,0,7.6,12.2,0.8,0.5,43,87,0,0,0,1.6,0,0,0,0,0,0,6.9,14.9,-1.1,1.2,10,81,0,0,0,4.8,0,0,0,0,0,0,7.8,10.3,3.8,1.4,100,89,0.1,0,0,1.8,0,0,0,0,0,0,3.3,12.9
30,30,2015,1,30,6,2,1615,825,65,148,9,39,38,91,210,249,21,24,65,61,96,18,16,8,40,75,7.2,12.8,,2.3,67,82,0,0,0,,0,0,0,0,0,0,7,11.3,-4.1,3.2,70,84,0,0,0,0.9,1,0,0,0,0,0,9.5,11,4.6,0.8,100,95,0,0,0,0,0,0,0,0,0,0,5.2,8.9,,2,77,90,0,0,0,,0,0,0,0,0,0,7.5,9.9,-1.3,2.2,93,86,0,0,0,0,0,0,0,0,0,0,7.8,13.2,-4.5,4.4,23,74,0,0,0,3.8,1,0,0,0,0,0,7.5,13.3,-4.1,3,53,82,0,0,0,1.9,1,0,0,0,0,0,6.1,8.1,1,0.5,97,98,0,0,0,0,0,0,0,0,0,0,7.2,10.9,-2.6,1.4,63,87,0,0,0,0.9,0,0,0,0,0,0,7.2,8,5.6,3.2,100,96,0,0,0,0.1,1,0,0,0,0,0,3.3,12.9
31,31,2015,1,31,7,3,1421,467,65,148,9,39,38,91,210,249,21,24,65,61,96,18,16,8,30,56,9.4,12.8,,1.9,100,79,0,0,0,,0,0,0,0,0,0,9.7,11.5,6.5,1.7,100,91,0.1,0,0,0,1,0,0,0,0,0,11.2,14.7,6.2,2.5,87,81,2.7,0,0,0.5,0,0,0,0,0,0,5.6,9,,0.3,100,97,0.1,0,0,,0,0,0,0,0,0,8.6,11.1,7.1,0.9,100,88,0.7,0,0,0,1,0,0,0,0,0,7.9,12,5.5,4,100,79,0,0,0,0,1,0,0,0,0,0,7.3,11.6,6.4,2.8,97,77,0,0,0,0.2,1,0,0,0,0,0,8.7,11.1,6.2,0.5,100,90,0.1,0,0,0,0,0,0,0,0,0,11.5,13.4,5.5,3,100,63,0,0,0,0,0,0,0,0,0,0,8.9,9.2,7.1,6.1,100,84,5.5,0,0,0.2,1,0,0,0,0,0,3.3,12.9
32,32,2015,2,1,1,1,1255,546,144,190,25,94,50,149,386,537,49,138,139,124,214,35,35,31,41,74,11.3,17,,3.8,60,72,0,0,0,,0,0,0,0,0,0,7.8,16.3,-0.6,2.1,73,84,1,0,0,5.8,0,0,0,0,0,0,8.2,11,4.9,1.8,83,94,0,0,0,0,0,0,0,0,0,0,6.6,13.9,,1.1,83,84,0.6,0,0,,0,0,0,0,0,0,11.9,14.5,5.7,1.6,80,70,0.3,0,0,1.1,0,0,0,0,0,0,10.6,17.9,2.6,2.1,93,73,0,0,0,6.5,0,0,0,0,0,0,8.1,17.1,2.8,1,93,85,0,0,0,3.9,0,0,0,0,0,0,8.7,10.8,5.2,0.6,100,96,0,0,0,0,0,0,0,0,0,0,10.5,16.9,1.3,2.2,67,80,0,0,0,5.6,0,0,0,0,0,0,10.1,11.3,8,5.9,100,91,0,0,0,0.5,0,0,0,0,0,0,3.3,12.6
33,33,2015,2,2,2,1,1196,468,144,190,4,12,50,149,386,537,49,138,139,23,20,6,4,2,41,74,13.7,16.9,,4.6,87,68,0,0,0,,1,0,0,0,0,0,12.3,14.3,2.5,5.4,93,70,0,0,0,0,1,0,0,0,0,0,8.9,10.2,-0.9,1.2,100,99,0.1,0,0,0,0,0,0,0,0,0,8.3,11.7,,2.1,93,81,0,0,0,,0,0,0,0,0,0,10.1,12.5,3.2,2.7,90,81,0,0,0,0,1,0,0,0,0,0,9.9,13.1,3.1,3,73,75,0,0,0,0,1,0,0,0,0,0,10,12.1,3,2.5,73,80,0,0,0,0,1,1,0,0,0,0,8.1,8.9,6.1,0.6,100,99,0,0,0,0,0,0,0,0,0,0,12.9,16.9,3,3.7,90,70,0,0,0,0.7,1,0,0,0,0,0,8.9,9.9,7,6,100,97,0,0,0,0.1,0,0,0,0,0,0,3.3,12.6
34,34,2015,2,3,3,1,1203,548,144,190,4,12,50,149,386,128,8,16,139,23,20,6,4,2,41,74,7.4,13.8,,2.4,100,81,0,0,0,,1,0,0,0,0,0,6.1,13.2,5.4,1.5,100,96,0,0,0,0,1,0,0,0,0,0,9.6,12.1,7.2,1.2,97,99,0.8,0,0,0,1,0,0,0,0,0,6,10.2,,1.5,100,91,0,0,0,,1,0,0,0,0,0,6.8,11.4,9.1,1.7,100,90,0,0,0,0,1,0,0,0,0,0,5.2,11.7,1.9,1.4,97,87,0,0,0,0,1,0,0,0,0,0,4,12.1,0.4,0.7,97,96,0,0,0,0,1,0,0,0,0,0,6.8,8.7,7.3,0.8,100,99,4.1,0,0,0,1,1,0,0,0,0,6.9,13.5,8.5,1,100,85,0,0,0,0,1,0,1,0,0,0,5.2,8.7,7.5,4.4,100,97,0.2,0,0,0.1,1,0,0,0,0,0,3.3,12.6
35,35,2015,2,4,4,1,1304,496,80,97,4,12,50,149,386,128,8,16,139,23,20,6,4,2,41,74,3.1,9,,1.8,60,75,17,0,0,,0,0,0,0,0,0,3.2,9.7,-3.5,1.9,57,73,15.4,0,0,6.3,0,0,0,0,0,0,5.5,12.4,-1.6,2.4,10,69,29.3,0,0,6.9,0,0,0,0,0,0,2.4,9.4,,1.2,53,75,15.1,0,0,,0,0,0,0,0,0,4.1,9,-1.1,1.1,47,72,29.9,0,0,6,0,0,0,0,0,0,4.1,8.9,-2.1,0.9,57,64,14,0,0,6.5,0,0,0,0,0,0,3.3,8.3,-0.3,1.1,63,70,12.9,0,0,5.3,0,0,0,0,0,0,4.2,12.6,-0.1,1.4,37,73,44.9,0,0,6.2,0,0,0,0,0,0,3,8,-2.1,1,67,80,17.1,0,0,4.6,0,0,0,0,0,0,1.1,7,-1.5,1.4,13,75,18.4,0,0,6.8,1,0,0,0,0,0,3.3,12.6
36,36,2015,2,5,5,1,1379,523,80,97,4,12,50,149,386,128,8,16,139,23,20,6,4,2,46,83,2.4,9.9,,0.6,23,78,0,0,0,,0,0,0,0,0,0,1.6,9.9,-6,1.8,43,80,0,0,0,6,0,0,0,0,0,0,4.6,12.3,-2.9,4.3,3,76,0,0,0,8.9,0,0,0,0,0,0,0.4,9.3,,1.4,23,78,0,0,0,,0,0,0,0,0,0,3.8,10.5,-3.6,0.9,27,71,0,0,0,8.1,0,0,0,0,0,0,3.6,8.8,-3.4,1.8,20,64,0,0,0,7.5,0,0,0,0,0,0,2.8,9.1,-2.8,1.5,53,74,0,0,0,7.7,0,0,0,0,0,0,3.8,13.2,-3.9,0.9,0,78,0,0,0,8.4,0,0,0,0,0,0,2.8,9.9,-4.6,1.1,13,74,0,0,0,8.1,0,0,0,0,0,0,0.7,9.7,-6.6,0.4,3,77,0,0,0,8.3,0,0,0,0,0,0,3.3,12.6
37,37,2015,2,6,6,2,1369,503,80,97,4,12,50,149,386,128,8,16,139,23,20,6,4,2,36,66,7.3,13.6,,5.1,7,63,0,0,0,,1,0,0,0,0,0,6.3,12.7,-6.5,4.2,30,68,0,0,0,8.1,1,0,0,0,0,0,7.4,14.3,-2.4,3,50,79,0,0,0,7.6,0,0,0,0,0,0,3,11.4,,1.5,23,71,0,0,0,,0,0,0,0,0,0,6.7,11.5,-4.6,3.1,27,73,0,0,0,6.3,1,0,0,0,0,0,6.1,12.6,-4.9,3.9,17,66,0,0,0,7.8,1,0,0,0,0,0,6.1,13.2,-4.5,2.5,10,69,0,0,0,6.8,0,0,0,0,0,0,6.4,13.2,-3.7,1.4,60,81,0,0,0,7.1,0,0,0,0,0,0,5.6,13.4,-5.2,2.2,13,71,0,0,0,7.8,0,0,0,0,0,0,3.6,9.5,-4.9,3.2,57,84,0,0,0,6,0,0,0,0,0,0,3.3,12.6
38,38,2015,2,7,7,3,1212,531,80,97,4,12,50,149,386,128,8,16,139,23,20,6,4,2,27,49,9.2,13.4,,3.5,87,59,0,0,0,,1,0,0,0,0,0,9.5,11.1,3.2,4.1,97,72,0,0,0,0,1,0,0,0,0,0,11.1,12.1,0.7,5.1,87,80,0,0,0,0,1,0,0,0,0,0,6.7,8.5,,1.5,100,80,0,0,0,,0,0,0,0,0,0,9.1,11.3,2.7,1.9,93,79,0,0,0,0.8,0,0,0,0,0,0,9.2,10.8,0.4,4.3,83,65,0,0,0,0,1,1,0,0,0,0,9.9,11.6,3.5,5,90,61,0,0,0,0,1,0,0,0,0,0,8.1,10.4,4.7,1.5,97,98,0,0,0,0,0,0,0,0,0,0,9.3,12.6,0,1.8,73,64,0,0,0,0.2,0,0,0,0,0,0,6.5,7,1.1,6.9,100,97,0,0,0,0.4,1,0,0,0,0,0,3.3,12.6
39,39,2015,2,8,1,1,975,445,80,97,25,94,50,149,386,537,49,138,139,124,214,35,35,31,41,74,11.6,15,,2.1,77,72,0,0,0,,1,0,0,0,0,0,9.4,13.5,2.1,1.4,93,95,0.7,0,0,0.4,1,0,0,0,0,0,11.9,13.3,8,4.4,93,86,3.6,0,0,0,1,0,0,0,0,0,7.8,9.7,,1.4,100,94,4.9,0,0,,0,0,0,0,0,0,9.5,11.6,6.3,2.2,97,93,3.7,0,0,0,1,0,0,0,0,0,10.7,13.2,4.9,5.1,90,71,0,0,0,0.4,1,0,0,0,0,0,10.7,14.5,4.1,3,70,68,0,0,0,0.7,1,0,0,0,0,0,9.6,11.8,7.5,2.7,100,97,14.3,0,0,0,1,1,0,0,0,0,12.6,14.5,4.8,4.4,87,61,0,0,0,0.9,1,0,0,0,0,0,8.7,9.1,6,7.8,100,98,30.2,0,0,0.3,1,0,0,0,0,0,3.3,12.6
40,40,2015,2,9,2,1,1172,527,80,97,25,94,167,477,750,537,150,138,139,124,800,80,150,124,41,74,11.6,15.4,,2.8,90,68,0,0,0,,1,0,0,0,0,0,11,13.8,7.1,4.6,87,77,1.2,0,0,0.7,1,0,0,0,0,0,11.9,15.4,6,3.9,97,76,4.9,0,0,1.7,1,0,0,0,0,0,8.6,10.4,,1,100,88,18.3,0,0,,0,0,0,0,0,0,10.5,11.8,7,2.7,90,79,7.8,0,0,0.3,1,0,0,0,0,0,10.4,14,6.1,5.4,83,71,0,0,0,3,1,0,0,0,0,0,12,14.6,5.6,4.6,37,62,0,0,0,3.9,1,0,0,0,0,0,10.3,13.2,6.9,2.7,100,91,32.2,0,0,0.1,1,0,0,0,0,0,11.9,15.1,6.1,4.3,87,67,0.1,0,0,1.4,1,0,0,0,0,0,8.1,11.3,6.5,7.6,100,87,25.3,0,0,1.2,1,0,0,0,0,0,3.3,12.6
41,41,2015,2,10,3,1,1452,625,144,190,25,94,167,477,750,537,206,138,139,124,1066,100,178,124,41,74,4.3,12.4,,1.7,70,94,5.6,0,0,,1,0,0,0,0,0,3.1,11,4,3.7,90,90,17.6,0,0,0.6,1,0,0,0,0,0,6,12,7.3,5.1,60,81,22.3,0,0,1.3,1,0,0,0,0,0,2.7,9.2,,2.8,77,84,36.6,0,0,,1,0,0,0,0,0,4.5,10.7,5.2,2,77,87,29.2,0,0,0,0,0,0,0,0,0,2.5,10,1.7,3.6,83,89,13.7,0,0,0.3,1,1,0,0,0,0,2.6,12.2,0.2,2.9,83,90,17.5,1,1,0,1,0,0,0,0,0,6.5,11.5,8.8,3.6,70,82,39.5,0,0,0.6,1,1,0,0,0,0,3.3,12.3,5.8,1.2,100,97,7.7,0,0,0,1,0,0,0,0,0,2.8,7.6,5.9,2.2,73,94,37.6,0,0,0,1,0,0,0,0,0,3.3,12.6
42,42,2015,2,11,4,1,1472,558,144,190,25,94,167,477,750,537,150,138,139,124,800,80,150,124,41,74,2.8,11.6,,0.5,10,77,7.2,0,0,,0,0,0,0,0,0,2,10.7,-5.5,1.7,30,82,5.7,0,0,8.6,0,0,0,0,0,0,6.5,12.5,-4.6,1.3,23,70,2.2,0,0,9,0,0,0,0,0,0,-0.3,8.3,,1.1,33,84,0.4,0,0,,0,0,0,0,0,0,3.1,9.1,-2.2,0.4,50,83,5.4,0,0,4.7,0,0,0,0,0,0,2.4,10.4,-4.6,0.3,20,71,4.9,0,0,7.4,0,0,0,0,0,0,2,11.5,-3.7,1.7,17,83,14.8,0,0,6.7,0,0,0,0,0,0,4.7,12.7,-3.6,1.6,7,73,0,0,0,8.3,0,0,0,0,0,0,3,10.9,-4,1,20,82,3.4,0,0,6.2,0,0,0,0,0,0,0.1,8.7,-5.5,0.8,60,83,1.6,0,0,5.6,0,0,0,0,0,0,3.3,12.6
43,43,2015,2,12,5,1,1221,605,144,190,25,94,50,149,386,537,49,138,139,124,214,35,35,31,46,83,0.8,3,,1.7,93,97,0,0,0,,0,0,0,0,0,0,0.3,1.5,-6.5,0.5,97,99,0,0,0,0,0,0,0,0,0,0,6.8,9.1,-0.5,2,97,85,1.5,0,0,0.6,0,0,0,0,0,0,0.2,2,,0.7,100,95,1.3,0,0,,0,0,0,0,0,0,0.9,3.5,-3,0.5,100,98,0,0,0,0,0,0,0,0,0,0,1.1,5.3,-5,1.8,97,91,0,0,0,0,0,0,0,0,0,0,1.5,4.3,-4.6,1.4,83,92,0,0,0,0,0,0,0,0,0,0,5.3,7,1.4,0.9,100,93,3.2,0,0,0,0,0,0,0,0,0,0.5,2.2,-4.1,0.6,100,98,0,0,0,0,0,0,0,0,0,0,0.5,1.8,-4.5,0.5,100,98,4.5,1,1,0,0,0,0,0,0,0,3.3,12.6
44,44,2015,2,13,6,2,1240,634,144,190,25,94,50,149,386,537,49,138,139,124,214,35,35,31,36,66,3.7,10.6,,3,53,86,14.9,0,0,,0,0,0,0,0,0,2.3,8.5,-0.1,1.6,70,92,18.8,8,8,5.9,0,0,0,0,0,0,7,10,1.4,3.2,80,86,27,0,0,3.2,0,0,0,0,0,0,1.2,4.6,,1.3,97,95,19,12,12,,1,1,0,0,0,0,2.6,6.9,-0.5,0.9,77,96,24,10,10,2.4,0,0,0,0,0,0,5.6,9.3,-0.1,4.6,73,78,12.9,0,0,5.8,1,0,0,0,0,0,3.7,7.8,1.3,1.9,67,92,10.8,0,0,3.1,0,0,0,0,0,0,6.2,10.3,4.1,1.6,97,88,21,0,0,3.7,0,0,0,0,0,0,3.7,9.6,-0.6,1.5,63,87,20.3,4,4,6.4,0,0,0,0,0,0,2.7,6,0,2,100,95,30.6,11,11,1.2,0,0,0,0,0,0,3.3,12.6
45,45,2015,2,14,7,3,1035,407,144,190,25,94,50,149,386,537,49,138,139,124,214,35,35,31,27,49,4.6,6.7,,1.9,70,97,4.7,0,0,,0,0,0,0,0,0,4.9,7.9,-1,1.9,80,99,0.6,1,0,0.3,0,0,0,0,0,0,8.5,10.4,3.4,1.7,77,97,0.8,0,0,0,0,0,0,0,0,0,2.1,3.7,,1.7,97,96,0,6,0,,0,0,0,0,0,0,3.1,4.4,-0.4,0.9,93,97,0.4,4,0,0,0,0,0,0,0,0,4.7,9.4,-2.9,1.1,70,92,1.8,0,0,0.6,0,0,0,0,0,0,6,8.9,-0.6,2.3,70,92,6.9,0,0,2.4,0,0,0,0,0,0,6.8,7.9,2.5,0.8,93,99,0.1,0,0,0,0,0,0,0,0,0,3.6,5.5,-2.1,0.9,73,99,2.5,0,0,0,0,0,0,0,0,0,5,7.9,2,1.5,100,98,2.6,4,0,0,0,0,0,0,0,0,3.3,12.6
46,46,2015,2,15,1,1,1198,469,144,190,60,94,50,149,386,537,49,138,381,198,214,35,35,31,41,74,4.9,7.2,,1.3,100,96,11.2,0,0,,0,0,0,0,0,0,3.4,6,-0.7,1.5,100,99,12.4,0,0,0,0,0,0,0,0,0,8.5,11,2.6,1.7,97,89,21.3,0,0,0.1,0,0,0,0,0,0,2.8,5.1,,1.3,100,98,17.1,2,0,,0,0,0,0,0,0,3.5,6.2,1.3,0.6,100,98,16.5,1,0,0,0,0,0,0,0,0,5.1,6.8,0.7,0.9,100,91,11.8,0,0,0,0,0,0,0,0,0,5.8,6.8,1.2,1.6,100,93,9.3,0,0,0,0,0,0,0,0,0,7.9,11.4,4.8,2.8,100,81,25.2,0,0,0.2,1,0,0,0,0,0,2.6,6,0,1.1,100,99,10.6,0,0,0,0,0,0,0,0,0,3.5,7,1.7,3.7,100,95,27.9,0,0,0,0,0,0,0,0,0,3.3,12.6
47,47,2015,2,16,2,1,1310,561,144,190,93,94,50,149,386,537,49,138,381,198,214,35,35,31,41,74,4,6.1,,1.7,100,94,33.2,0,0,,1,0,0,0,0,0,3.5,5.6,1.1,1.5,100,98,27.9,0,0,0,0,0,0,0,0,0,8.8,11.5,2.6,4.9,97,63,5.7,0,0,0.9,1,0,0,0,0,0,1.5,3.9,,1.5,100,96,17.1,1,1,,0,0,0,0,0,0,2.9,4,1.4,0.9,100,97,23.7,0,0,0,0,0,0,0,0,0,4.3,6.3,2.9,3.1,100,79,21.2,0,0,0,0,0,0,0,0,0,4.9,6.5,4,4.4,100,84,12,0,0,0,1,0,0,0,0,0,8.8,10.9,5.2,5.9,97,55,9.7,0,0,2,1,1,0,0,0,0,2.7,4.1,-0.7,1.3,100,98,33.9,0,0,0,0,0,0,0,0,0,2.4,4.7,0.1,6.8,100,88,13.7,0,0,0.3,1,0,0,0,0,0,3.3,12.6
48,48,2015,2,17,3,1,1170,495,144,190,60,94,50,149,386,537,49,138,381,198,214,35,35,31,41,74,4,5,,1.2,100,96,20.2,0,0,,0,0,0,0,0,0,1.1,3.2,0,1.3,100,99,12.7,1,1,0,0,0,0,0,0,0,8.6,13.1,3,2.9,97,91,23.2,0,0,0.4,1,0,0,0,0,0,0.8,1.7,,0.8,100,96,10.8,1,1,,0,0,0,0,0,0,2.2,4.7,1,1.2,100,98,9.5,0,0,0,0,0,0,0,0,0,2.8,4.6,0,2.1,97,92,12.5,0,0,0,0,0,0,0,0,0,3.8,4.3,2.4,1.7,100,97,1.6,0,0,0,0,0,0,0,0,0,6.8,9.2,4.6,2.1,100,93,7.4,0,0,0,1,0,0,0,0,0,3.2,4.1,0.8,1.6,100,98,19.1,0,0,0,0,0,0,0,0,0,1.4,1.7,0,4.1,100,97,11,2,2,0,1,0,0,0,0,0,3.3,12.6
49,49,2015,2,18,4,1,1107,441,250,190,25,250,50,149,386,800,49,138,139,124,214,35,35,31,41,74,4,4.5,,1.2,97,97,3.8,0,0,,0,0,0,0,0,0,3.3,4,0,1,100,99,16.3,0,0,0,0,0,0,0,0,0,8.6,11.4,3.5,1.5,90,92,1,0,0,0.7,0,0,0,0,0,0,2.5,4.1,,1.4,100,96,6,2,1,,0,0,0,0,0,0,3.6,4.5,1.1,0.9,100,98,5.8,0,0,0,0,0,0,0,0,0,3.9,4.8,2.1,1.6,100,94,7,0,0,0,0,0,0,0,0,0,4.7,5.6,3.1,2.2,100,96,0.4,0,0,0,0,0,0,0,0,0,8.7,14.6,4.8,1.4,93,84,4.5,0,0,2.2,0,0,0,0,0,0,3.6,4,2.6,0.9,100,99,7.9,0,0,0,0,0,0,0,0,0,3.4,4.9,0,4.4,100,98,5.1,0,0,0,0,0,0,0,0,0,3.3,12.6
50,50,2015,2,19,5,1,1122,485,333,190,25,356,50,149,386,1176,49,305,139,124,214,35,35,31,46,83,5.5,7.2,,1.9,100,93,20.8,0,0,,0,0,0,0,0,0,4.4,5.7,3,0.9,97,99,23.8,0,0,0,0,0,0,0,0,0,9.5,13,2.7,3.6,60,75,0,0,0,6,0,0,0,0,0,0,3.7,6.2,,1.4,97,91,0.4,0,0,,0,0,0,0,0,0,4.8,7,2.8,1,100,95,8.8,0,0,0,0,0,0,0,0,0,4.3,6,3.3,0.8,100,92,17.7,0,0,0,0,0,0,0,0,0,5.1,6.2,4.6,1.9,100,94,15.1,0,0,0,1,1,0,0,0,0,7.9,12.2,2.2,2.1,97,87,0,0,0,3.1,1,0,0,0,0,0,4.8,6.5,2.2,2,100,99,19.6,0,0,0,0,0,0,0,0,0,4.9,8.8,1.9,2,93,83,2.8,0,0,2.6,0,0,0,0,0,0,3.3,12.6
51,51,2015,2,20,6,2,1329,661,250,190,25,250,50,149,386,800,49,305,139,124,214,35,35,31,36,66,4,8.3,,1.6,77,90,11.4,0,0,,1,0,0,0,0,0,3,7.5,0,1.4,67,90,10,0,0,0.7,0,0,0,0,0,0,6.6,13,-2.4,2.5,33,67,0,0,0,6.8,0,0,0,0,0,0,1.8,8.1,,1.2,63,86,10.1,0,0,,0,0,0,0,0,0,5.3,8.5,2.4,2.1,73,77,13.2,0,0,4,0,0,0,0,0,0,4.7,8.3,-0.7,3.7,67,79,5.8,0,0,2.5,0,0,0,0,0,0,4.8,8.1,-2,1.5,77,86,2.6,0,0,2.5,0,0,0,0,0,0,7.1,13.6,4.8,1.8,47,58,6.7,0,0,7.6,1,0,0,0,0,0,4.8,7.9,2.6,1.7,80,86,14.1,0,0,2,0,0,0,0,0,0,3.9,8.2,0.5,3.4,43,74,9.7,0,0,6.2,1,0,0,0,0,0,3.3,12.6
52,52,2015,2,21,7,3,1220,508,144,300,25,94,50,149,386,537,49,305,139,124,214,35,35,31,27,49,10.2,13.8,,6.6,70,52,0,0,0,,1,0,0,0,0,0,7.8,12.5,-1.5,2.7,80,66,0,0,0,4.6,0,0,0,0,0,0,7.7,13.5,0.2,3.4,57,74,0,0,0,6.9,0,0,0,0,0,0,4.2,11.8,,1.1,57,76,0,0,0,,0,0,0,0,0,0,7.5,12.7,-1.9,2.8,60,69,0,0,0,7.6,1,0,0,0,0,0,8,14.9,-1.1,2.4,63,68,0.1,0,0,3.1,0,0,0,0,0,0,7.4,13.3,1.5,1.8,77,73,0,0,0,4.8,0,0,0,0,0,0,6.3,13.1,0.9,1.9,33,76,0,0,0,9,0,0,0,0,0,0,8.8,14.4,0,1.5,77,64,0.1,0,0,1.9,0,0,0,0,0,0,6.2,11.8,0.8,4.8,70,78,0,0,0,8.3,1,0,0,0,0,0,3.3,12.6
53,53,2015,2,22,1,1,1246,563,144,397,25,94,23,66,227,537,49,138,139,124,214,35,35,31,41,74,10.9,14,,4.9,77,69,0,0,0,,1,0,0,0,0,0,11.5,13.8,1.8,5.9,77,70,0,0,0,2.9,1,1,0,0,0,0,10.3,13.8,0.6,2.3,93,83,0,0,0,0,0,0,0,0,0,0,7.6,10.8,,3.2,87,78,0,0,0,,0,0,0,0,0,0,9.8,10.8,6.3,3,100,76,0,0,0,0,0,0,0,0,0,0,11,15.6,0.4,7.1,87,63,0,0,0,5.9,1,0,0,0,0,0,12,15.9,2.3,4.1,50,62,0,0,0,6.7,1,0,0,0,0,0,8.8,10.4,2.3,0.6,100,95,0,0,0,0,0,0,0,0,0,0,9.8,14.3,2.3,2.6,80,78,0,0,0,0.3,0,0,0,0,0,0,7.6,8.4,5,6.8,93,93,0,0,0,0,0,0,0,0,0,0,3.3,12.6
54,54,2015,2,23,2,1,1212,497,144,300,25,94,23,66,227,537,49,138,139,124,214,35,35,31,41,74,11.3,16.6,,1.5,77,79,0,0,0,,0,0,0,0,0,0,9.7,13.6,8.1,2.7,80,89,0,0,0,0.3,1,0,0,0,0,0,11.8,14.8,6.4,2.5,93,88,19.8,0,0,1,0,0,0,0,0,0,7.7,10.9,,0.8,97,95,1.1,0,0,,0,0,0,0,0,0,10.5,11.5,9,1.6,97,90,0.1,0,0,0,0,0,0,0,0,0,11.2,15.4,8.2,4.3,73,73,0,0,0,1.6,1,0,0,0,0,0,11.8,14.5,8.8,2.7,83,73,0,0,0,0.3,1,0,0,0,0,0,10.4,11.6,8.5,1.6,97,98,6.1,0,0,0,1,0,0,0,0,0,12,15.3,6.7,2.8,90,75,0.6,0,0,2,1,0,0,0,0,0,9.1,10.4,6.5,6,100,96,17.9,0,0,0,1,0,0,0,0,0,3.3,12.6
55,55,2015,2,24,3,1,1261,542,144,190,25,94,23,66,227,537,49,138,139,124,214,35,35,31,41,74,4.4,10.9,,1.9,50,73,15.1,0,0,,0,0,0,0,0,0,3.7,9.8,3,2.1,53,79,1.4,0,0,6.1,0,0,0,0,0,0,8,13.2,5.4,4.8,53,53,0.1,0,0,6.9,1,0,0,0,0,0,3.8,8.6,,1.4,77,78,2,0,0,,1,0,0,0,0,0,4.8,10.5,2.3,1.9,67,72,4,0,0,6.3,0,0,0,0,0,0,4.3,9.9,1.8,2.4,53,70,0.7,0,0,7.5,1,0,0,0,0,0,4,10.8,1.8,1.2,27,70,2.5,0,0,8.3,0,0,0,0,0,0,7.2,11.7,3.2,3.5,23,52,4.3,0,0,8.3,1,0,0,0,0,0,3.8,12.2,2,1.8,50,80,9,0,0,4.5,1,0,0,0,0,0,3.1,9,1.5,2.6,73,70,11.6,0,0,8.2,0,0,0,0,0,0,3.3,12.6
56,56,2015,2,25,4,1,1089,475,144,190,25,94,23,66,227,537,49,138,139,124,214,35,35,31,41,74,4.6,8.6,,1.8,90,83,0,0,0,,0,0,0,0,0,0,5.7,8.7,-3.5,2.8,90,84,0,0,0,1.2,0,0,0,0,0,0,7.5,10.8,0.4,1.7,93,76,0,0,0,1.4,0,0,0,0,0,0,2.6,5.1,,0.6,100,90,0,0,0,,0,0,0,0,0,0,3.9,6.5,-1.2,0.7,97,88,0,0,0,0,0,0,0,0,0,0,5.4,8.7,-1.9,3.7,93,71,0,0,0,0.7,0,0,0,0,0,0,5.2,9.7,-3,3.2,97,78,0,0,0,1.4,1,0,0,0,0,0,5.3,9.6,0,0.9,97,89,0,0,0,0.3,0,0,0,0,0,0,4.7,7.2,-0.6,0.9,100,86,0,0,0,0.3,0,0,0,0,0,0,3.1,5.5,-0.1,0.5,100,95,0,0,0,0.1,0,0,0,0,0,0,3.3,12.6
57,57,2015,2,26,5,1,1164,490,144,190,25,94,23,66,227,537,49,138,20,124,214,35,35,31,46,83,2,6.3,,1,63,85,4.3,0,0,,0,0,0,0,0,0,2,7,1.4,0.9,77,87,0.5,0,0,0,0,0,0,0,0,0,6.5,12.2,3.5,2.7,60,60,0.8,0,0,2.8,0,0,0,0,0,0,1.1,3.8,,1.3,80,86,1.4,0,0,,0,0,0,0,0,0,2.4,5,2,1.1,77,84,1.8,0,0,0,0,0,0,0,0,0,3.7,5.7,1.2,2,87,71,2.3,0,0,0,0,0,0,0,0,0,4.2,5.9,2.7,2.3,97,61,0.3,0,0,0,0,0,0,0,0,0,6.7,9.7,2.7,5.9,47,50,0,0,0,4.7,1,0,0,0,0,0,1.3,5.6,0.8,1,70,89,6,0,0,1,0,0,0,0,0,0,1.6,5,0.5,4,47,67,4.7,0,0,5.6,0,0,0,0,0,0,3.3,12.6
58,58,2015,2,27,6,2,1115,518,144,190,25,94,23,66,227,537,49,138,20,124,214,35,35,31,36,66,2.8,7,,0.6,73,81,0.2,0,0,,0,0,0,0,0,0,2.2,5.2,-5.5,1.1,97,88,0.2,0,0,0.1,0,0,0,0,0,0,8.7,10.7,-2,1.3,97,83,0,0,0,0,0,0,1,0,0,0,0.3,2.9,,0.8,100,91,0.2,0,0,,0,0,0,0,0,0,1.3,3.1,-3.1,0.9,100,94,0.1,0,0,0,0,0,0,0,0,0,3.2,6.5,-4.4,2.3,70,75,0,0,0,2.4,0,0,0,0,0,0,4,8.5,-4.8,1.6,77,70,0,0,0,2.8,0,0,0,0,0,0,5.6,6.5,2.2,1.7,100,83,0,0,0,0,0,0,0,0,0,0,2.7,5.5,-3.8,1,100,86,0,0,0,0.3,0,0,0,0,0,0,0.8,1.5,-1.8,3.7,100,94,0,0,0,0.1,0,0,0,0,0,0,3.3,12.6
59,59,2015,2,28,7,3,906,388,144,190,25,94,23,66,227,537,49,138,20,124,214,35,35,31,27,49,4.5,6.9,,0.7,100,89,0,0,0,,0,0,0,0,0,0,4.8,7.1,-1,0.5,97,93,0.3,0,0,0,0,0,0,0,0,0,13.1,16.2,4.6,4.1,93,72,8.2,0,0,0,1,0,0,0,0,0,3.5,4.8,,0.9,100,95,10.5,0,0,,0,0,0,0,0,0,4.2,5.5,1,0.4,100,96,4.7,0,0,0,0,0,0,0,0,0,5.6,8,-0.4,0.9,97,81,0,0,0,0,0,0,0,0,0,0,4.8,7.4,-2.1,0.8,100,92,0,0,0,0,0,0,0,0,0,0,10.5,13.7,5.1,3.3,100,76,27.4,0,0,0,1,0,0,0,0,0,4.1,5.9,-0.2,0.8,100,93,0,0,0,0,0,0,0,0,0,0,3.4,4.6,0.9,3,100,97,17.3,0,0,0,1,0,0,0,0,0,3.3,12.6
60,60,2015,2,29,1,1,1145,508,144,190,25,94,50,149,386,537,49,138,20,124,214,35,35,31,41,74,8.4,10.3,,2.2,97,92,12.5,0,0,,0,0,0,0,0,0,6.5,8.7,3.8,2.3,100,98,9.1,0,0,0.5,0,0,0,0,0,0,11.9,17.1,6.5,3.1,73,72,8.4,0,0,3.7,1,0,1,0,0,0,5.9,9.3,,1.6,97,93,18.4,0,0,,0,0,0,0,0,0,7.3,9.4,4.4,1,97,94,12.3,0,0,0,0,0,0,0,0,0,6.7,9.1,4.9,2.2,100,93,7.9,0,0,1,0,0,0,0,0,0,6.3,8.4,2.3,1.9,100,94,2.2,0,0,0,0,0,0,0,0,0,9.4,15.3,7.4,2.5,93,86,12.7,0,0,3.1,1,1,0,0,0,0,7.5,8.9,4,2.7,100,99,11.1,0,0,0,1,0,0,0,0,0,6.5,9.7,3.5,4,97,85,39.4,0,0,2.2,1,0,0,0,0,0,3.3,12.6
61,61,2015,3,1,2,1,1206,574,115,239,15,100,23,64,212,423,31,94,75,110,111,46,15,49,48,88,6.3,8.9,,1.8,97,92,9.8,0,0,,0,0,0,0,0,0,5.9,11.8,2.3,1.8,67,75,8.1,0,0,1.2,0,0,0,0,0,0,7.9,13.4,5.8,2.6,37,80,16.1,0,0,4.3,0,0,0,0,0,0,3.6,10,,1.2,63,86,7.4,0,0,,0,0,0,0,0,0,6,10.2,5,1.1,63,88,13.1,0,0,4.2,0,0,0,0,0,0,6.3,10.6,3.4,1.7,77,78,7.6,0,0,1.5,0,0,0,0,0,0,5.7,10.6,1,1.6,100,74,6.6,0,0,1.9,0,0,0,0,0,0,8.5,14.9,6.4,0.8,43,80,20.2,0,0,4.5,0,0,0,0,0,0,6.1,7.3,5.4,0.8,67,96,18.1,0,0,0,0,0,0,0,0,0,3.6,7.9,3.5,1.5,57,91,17.1,0,0,2.2,0,0,0,0,0,0,3.3,12
62,62,2015,3,2,3,1,1224,507,115,239,57,100,23,64,212,423,31,94,210,110,111,46,15,49,48,88,4.9,12.7,,1.1,43,87,2.3,0,0,,0,0,0,0,0,0,5,13.5,-3.9,0.9,73,81,0,0,0,5.1,0,0,0,0,0,0,8.1,13.6,-1.8,2.7,53,79,4.5,0,0,7.9,0,0,0,0,0,0,3.7,11.1,,0.9,73,85,0,0,0,,0,0,0,0,0,0,7.1,11.6,-2,0.9,67,76,4.5,0,0,4.1,0,0,0,0,0,0,7,12.8,-2.6,3.8,77,70,0,0,0,6.9,0,0,0,0,0,0,7.1,12.4,-2.9,2.4,67,75,0,0,0,3,0,0,0,0,0,0,7,14,0.2,1.6,60,83,1.4,0,0,5.6,0,0,0,0,0,0,5.6,12,0.2,1.1,57,89,2.9,0,0,4.1,0,0,0,0,0,0,5.7,11.9,-2,0.7,63,72,3.7,0,0,6.6,0,0,0,0,0,0,3.3,12
63,63,2015,3,3,4,1,1093,485,115,239,57,122,23,64,212,423,31,94,210,110,111,46,15,49,48,88,4,5.6,,2.1,100,88,1.5,0,0,,0,0,0,0,0,0,2.3,5,0,3.4,100,98,11.5,0,0,0,0,0,0,0,0,0,7,11.2,2.4,4.6,100,73,0.6,0,0,0,1,0,1,0,0,0,2.8,4.3,,2.9,100,83,11.9,0,0,,1,0,0,0,0,0,3,8.7,2.5,2.2,100,95,8.1,0,0,0,0,0,0,0,0,0,1.8,8.3,1.1,6.9,100,93,5.8,0,0,0,1,0,0,0,0,0,3.4,7.2,3.4,5.2,100,91,0.4,0,0,0,1,0,0,0,0,0,6,8.5,3.7,3,100,79,5,0,0,0,1,0,0,0,0,0,2.1,6,2.4,3.7,100,97,0.2,0,0,0,1,0,0,0,0,0,1.3,4.9,1.9,7,100,97,4.7,0,0,0.4,1,0,0,0,0,0,3.3,12
64,64,2015,3,4,5,1,1323,731,115,239,57,100,23,64,212,423,31,94,75,110,327,16,62,13,53,98,2.7,7.5,,2.9,83,87,32.6,0,0,,0,0,0,0,0,0,4.6,9.4,1.3,2.3,93,66,19.1,0,0,1.5,0,0,0,0,0,0,5.8,11.8,-0.6,2.9,67,83,19.9,0,0,2.8,0,0,0,0,0,0,4.3,11.6,,1.4,77,70,8.7,0,0,,1,0,0,0,0,0,6.6,11.5,1.7,2.3,73,62,11,0,0,5,0,0,0,0,0,0,4.6,9.7,0.7,4.9,63,64,12.5,0,0,1.6,1,0,0,0,0,0,5.3,10.7,1.5,3.6,47,63,10.9,0,0,3.7,1,0,0,0,0,0,5.3,12.9,-0.3,2.5,57,80,8.4,0,0,6.5,0,0,0,0,0,0,2.5,5.6,0,1.4,67,94,41.2,4,4,0.4,0,0,0,0,0,0,3.2,10.4,0.3,0.9,47,68,9.2,3,3,4.5,0,0,0,0,0,0,3.3,12
65,65,2015,3,5,6,2,1213,542,115,239,15,51,23,64,212,600,98,209,75,182,327,16,62,13,42,78,8.3,13.9,,2.3,73,61,0.5,0,0,,1,0,0,0,0,0,9.2,12.5,-3,3.2,73,58,0,0,0,1.8,1,0,0,0,0,0,12.1,13.3,0.1,7.7,93,68,0,0,0,0,1,1,0,0,0,0,5.7,7.9,,2.3,100,78,0,0,0,,0,0,0,0,0,0,6.2,8,-0.8,1.2,93,81,0,0,0,0,0,0,0,0,0,0,8.2,12,-0.4,6.6,73,56,0,0,0,1.2,1,1,0,0,0,0,9.3,12.5,-2.1,4.7,73,56,0,0,0,0.9,1,0,0,0,0,0,10.1,12.8,-0.1,2.9,100,73,0,0,0,0.3,1,1,0,0,0,0,8.8,13.9,-2,3.6,60,61,1.1,0,0,3.6,1,0,0,0,0,0,6.8,8.5,-1.5,9.1,100,87,0,0,0,0.5,1,1,0,0,0,0,3.3,12
66,66,2015,3,6,7,3,1300,426,115,239,15,51,23,64,212,700,98,209,75,182,327,16,62,13,32,58,7.5,13.8,,2.9,57,75,1.9,0,0,,0,0,0,0,0,0,6.5,11.4,-0.1,1.8,73,86,4.8,0,0,4.9,0,0,0,0,0,0,9.5,14.1,6.1,2.7,93,77,20.9,0,0,4.4,0,0,1,0,0,0,5.8,10.6,,1.3,97,84,17.1,0,0,,0,0,0,0,0,0,7,11,3.5,1.8,77,84,9.6,0,0,6.3,0,0,0,0,0,0,7.2,13.2,2.3,4.2,70,75,1.1,0,0,8.6,1,0,0,0,0,0,7.7,13.7,2.1,2.9,50,74,0,0,0,8.1,1,0,0,0,0,0,8.7,13.1,7.4,3.1,90,80,15.7,0,0,1.9,1,0,0,0,0,0,6.7,13,2.1,2,47,88,2.8,0,0,6,0,0,0,0,0,0,4.4,9.3,4,3.8,80,93,13.3,0,0,2.8,1,0,0,0,0,0,3.3,12
67,67,2015,3,7,1,1,1078,468,115,239,15,51,23,64,212,800,98,209,75,182,111,16,15,13,48,88,4.1,6.6,,1.8,100,86,3,0,0,,0,0,0,0,0,0,2.6,6.3,1,1.3,100,98,8.9,0,0,0,0,0,0,0,0,0,7.2,11.1,1.3,2.5,67,87,4.5,0,0,2.7,0,0,0,0,0,0,1.7,4.5,,0.7,100,94,24.4,2,2,,0,0,0,0,0,0,2.9,6.4,2.3,1.2,100,95,21.6,0,0,0,0,0,0,0,0,0,3.1,6.3,1.4,2.7,100,90,3.2,0,0,0,0,0,0,0,0,0,3.3,7,1.4,2.3,100,90,2.9,0,0,0,0,0,0,0,0,0,6.7,9.5,2.3,3.2,93,76,2.5,0,0,0.1,1,0,0,0,0,0,3.5,5.7,2.1,2.4,100,97,4.2,0,0,0,0,0,0,0,0,0,2.1,3.4,1.8,2.5,100,97,10.6,0,0,0.9,0,0,0,0,0,0,3.3,12
68,68,2015,3,8,2,1,1032,434,182,239,15,51,23,100,300,837,31,94,75,110,111,16,15,13,48,88,5.5,7.8,,1.1,87,82,3.6,0,0,,0,0,0,0,0,0,4.9,7.7,1.5,1.8,97,89,5.2,0,0,0.2,0,0,0,0,0,0,7,9.6,1,3.3,93,84,0.3,0,0,0.7,0,0,1,0,0,0,3.4,6.8,,1.8,97,87,9.3,0,0,,0,0,0,0,0,0,4.4,6.5,2,1.5,97,90,6.2,0,0,0,0,0,0,0,0,0,4.4,7.5,-0.1,1.7,90,85,5.5,0,0,1.3,0,0,0,0,0,0,4.4,7.6,0.1,1.3,90,81,8.8,0,0,0.8,0,0,0,0,0,0,5.7,9,3.5,2,97,89,6,0,0,0,0,0,0,0,0,0,4.8,7.4,0.8,1.5,100,92,2.8,0,0,0,0,0,0,0,0,0,2.4,4.8,0.9,2.5,100,97,2.6,0,0,0.2,0,0,0,0,0,0,3.3,12
69,69,2015,3,9,3,1,1076,486,182,239,15,51,23,120,394,700,31,94,75,110,111,16,15,13,48,88,4.8,7.2,,1.5,90,71,0,0,0,,0,0,0,0,0,0,4.5,6.8,2.6,1.2,97,82,0,0,0,0,0,0,0,0,0,0,7.9,13.2,2.2,2.6,73,64,31.7,0,0,4.1,0,0,0,0,0,0,3.4,5.6,,1.2,97,86,5.4,0,0,,0,0,0,0,0,0,4.7,6.4,2.1,1.5,100,77,1.9,0,0,0,0,0,0,0,0,0,4.4,7.2,0.1,1.1,90,74,0,0,0,1.1,0,0,0,0,0,0,4.7,9.2,-2.2,1.1,67,77,0,0,0,3.9,0,0,0,0,0,0,8.6,11.5,5.1,5.5,47,53,4.6,0,0,5.6,1,0,0,0,0,0,4.6,6,2.5,1.6,100,80,0.7,0,0,0,0,0,0,0,0,0,2.8,4.5,1,4.4,87,77,6.5,0,0,4.5,1,0,0,0,0,0,3.3,12
70,70,2015,3,10,4,1,1264,525,182,495,15,51,23,100,300,423,31,94,75,110,111,16,15,13,48,88,9.7,13.7,,2.8,67,59,0,0,0,,0,0,0,0,0,0,6.2,14.1,0.9,1.6,70,77,0,0,0,7.7,0,0,0,0,0,0,10.3,16.1,-1.5,2.5,70,60,0,0,0,6.5,0,0,0,0,0,0,5.4,13.1,,1.1,77,74,0,0,0,,0,0,0,0,0,0,8.6,13.5,0.9,2.1,77,61,0,0,0,7,0,0,0,0,0,0,6.9,13,-2.5,4.1,63,67,0,0,0,8.2,0,0,0,0,0,0,7.4,13.7,-1.5,3.6,53,70,0,0,0,8.5,1,0,0,0,0,0,9.1,16,-0.9,2.2,67,62,0,0,0,7.9,1,0,0,0,0,0,8.4,13,0.7,2.3,83,65,0,0,0,5.5,0,0,0,0,0,0,7.5,11.9,0.8,3.1,87,60,0,0,0,5.7,0,0,0,0,0,0,3.3,12
71,71,2015,3,11,5,1,1225,498,115,495,15,51,23,64,212,423,31,94,75,110,111,16,15,13,53,98,7.1,11.3,,2.1,100,88,0.6,0,0,,0,0,0,0,0,0,7.1,9.5,0.8,1.1,100,93,0.3,0,0,0,0,0,0,0,0,0,11.9,14.2,6.2,2.6,93,54,0,0,0,0.2,0,0,0,0,0,0,6.8,10.9,,0.8,97,76,0.1,0,0,,0,0,0,0,0,0,8,10.7,3.8,2.1,93,74,0,0,0,0.4,0,0,0,0,0,0,7.2,9.5,3.9,3.4,100,77,0,0,0,0,0,0,0,0,0,0,7.3,8.5,5.3,2.3,100,82,0.7,0,0,0,1,1,0,0,0,0,10.6,14.3,6,1.2,87,60,0,0,0,0.4,0,0,0,0,0,0,6.7,9,5,1.3,100,94,0.2,0,0,0,0,0,0,0,0,0,6.4,8.3,4.4,3,100,76,0,0,0,0.1,0,0,0,0,0,0,3.3,12
72,72,2015,3,12,6,2,1265,544,115,495,15,51,23,64,212,423,31,94,75,110,111,16,15,13,42,78,7,9,,1.1,100,78,2.6,0,0,,0,0,0,0,0,0,6.8,7.3,3.4,2,93,84,0.8,0,0,0,0,0,0,0,0,0,11.5,13.9,5.4,5.5,53,52,0,0,0,3,1,0,0,0,0,0,4.8,11.7,,2.8,77,79,0,0,0,,0,0,0,0,0,0,7.5,10.5,4.8,1.8,80,74,0,0,0,1.5,0,0,0,0,0,0,6.4,8.2,4.9,4.3,93,75,0.9,0,0,0,0,0,0,0,0,0,6.8,9.4,1.5,3.4,100,77,4.6,0,0,0.2,0,0,0,0,0,0,11,15.1,7.6,5.3,47,56,0,0,0,4.6,1,0,0,0,0,0,5.9,7,4.5,0.4,100,94,1.7,0,0,0,0,0,0,0,0,0,5.2,8.1,2.9,3.6,87,82,0.1,0,0,2.2,0,0,0,0,0,0,3.3,12
73,73,2015,3,13,7,3,1045,456,115,239,15,51,23,64,212,423,31,94,75,110,111,16,15,13,32,58,6.8,8.2,,2.6,100,80,0.7,0,0,,0,0,0,0,0,0,5.4,7.5,3.9,2.4,100,88,0.1,0,0,0,0,0,0,0,0,0,10.4,12.5,6,7.9,47,55,0,0,0,6.8,1,0,0,0,0,0,5.5,10.1,,1.8,93,66,0,0,0,,1,0,0,0,0,0,7.3,9.2,5.2,4.2,73,66,0,0,0,1,0,0,0,0,0,0,4.9,7,3.2,5.6,97,84,0.9,0,0,0,0,0,0,0,0,0,5.7,8.3,3.6,5.4,100,80,0,0,0,0.3,1,0,0,0,0,0,10.1,13.3,6.5,5.1,10,53,0,0,0,9.1,1,0,0,0,0,0,6,6.8,4,3.1,100,82,0.6,0,0,0,1,0,0,0,0,0,4,5.3,2.8,5.8,93,90,0,0,0,1.2,1,0,0,0,0,0,3.3,12
74,74,2015,3,14,1,1,1236,512,115,239,15,51,23,64,212,423,31,94,75,110,111,16,15,13,48,88,5.3,10.8,,2.8,37,59,0.1,0,0,,0,0,0,0,0,0,4.3,11.2,4.1,3.4,40,70,0.2,0,0,7.8,1,0,0,0,0,0,8.8,14,5.1,4,10,48,0,0,0,10.1,1,0,0,0,0,0,5.7,11.7,,4,47,57,0,0,0,,1,0,0,0,0,0,7,11.8,4.2,3.4,40,57,0.1,0,0,6.2,0,0,0,0,0,0,4.1,10.1,3.2,3.4,40,65,1,0,0,9,0,0,0,0,0,0,4.6,9.6,2.9,4.1,33,60,0,0,0,9.3,1,0,0,0,0,0,10,14.7,3.9,2.9,20,46,0,0,0,8.8,1,0,0,0,0,0,5.9,10,4.2,3,43,57,0.9,0,0,5.3,1,0,0,0,0,0,5,9.1,2,4.1,43,60,0.7,0,0,5.7,0,0,0,0,0,0,3.3,12
75,75,2015,3,15,2,1,1164,481,115,239,15,51,23,64,212,423,31,94,75,110,111,16,15,13,48,88,2.3,6.6,,0.9,97,84,0,0,0,,1,0,0,0,0,0,1.4,5.4,-6.7,1.4,87,94,0,0,0,0,0,0,0,0,0,0,6.1,10.4,-4.9,2.1,93,69,0,0,0,0,0,0,0,0,0,0,1.5,6.4,,1.1,100,79,0,0,0,,0,0,0,0,0,0,2.4,6.6,-4.5,1.2,87,81,0,0,0,0,0,0,0,0,0,0,1.3,4.5,-5.5,1.9,83,83,0,0,0,0,0,0,0,0,0,0,2,4,-4.3,1.4,100,87,0,0,0,0,0,0,0,0,0,0,6.3,10.2,-2,2.3,87,64,0,0,0,0.2,1,0,0,0,0,0,1.9,6.5,-3.8,1,90,88,0,0,0,0,1,0,0,0,0,0,2,6.9,-4.5,1.7,100,74,0,0,0,0.5,1,0,0,0,0,0,3.3,12
76,76,2015,3,16,3,1,1273,512,115,239,15,51,23,64,212,423,31,94,75,110,111,16,15,13,48,87,3.7,5.2,,1.9,100,86,1.5,0,0,,0,0,0,0,0,0,2.9,4.9,-4.1,1.4,100,91,1.2,0,0,0,0,0,0,0,0,0,8.7,12.7,0.9,4.1,67,49,0,0,0,7,1,0,0,0,0,0,2.4,4.4,,1.5,93,82,3.6,0,0,,0,0,0,0,0,0,3.4,5,-2.2,1.6,97,82,1.9,0,0,0,0,0,0,0,0,0,3.1,3.9,-2.3,4.4,97,85,1.4,0,0,0,0,0,0,0,0,0,3.9,6.5,-0.1,2.5,100,87,2.1,0,0,0.3,0,0,0,0,0,0,7.6,10.6,3.2,5.3,57,54,0,0,0,9,1,1,0,0,0,0,3.4,4.3,-1.2,1.7,100,88,1.3,0,0,0,0,0,0,0,0,0,2,2.6,-1,3.1,97,85,0,0,0,1.1,1,0,0,0,0,0,3.3,12
77,77,2015,3,17,4,1,1161,475,115,239,15,51,23,64,212,423,31,94,75,110,111,16,15,13,48,87,4,11.8,,1.1,7,69,0,0,0,,0,0,0,0,0,0,3.4,12.3,-4.6,0.9,7,78,0,0,0,8.7,0,0,0,0,0,0,9.2,16.3,2.2,3.1,23,57,0,0,0,8.9,0,0,0,0,0,0,4,12.1,,1.3,40,73,0,0,0,,0,0,0,0,0,0,7.1,12.5,1,1.2,23,64,0,0,0,10.3,0,0,0,0,0,0,4.1,11.7,-3.8,0.8,3,73,0.2,0,0,9.3,0,0,0,0,0,0,4.1,11.9,-3,1.1,17,77,0,0,0,8.7,0,0,0,0,0,0,8.7,16.5,5.7,2.2,27,52,0,0,0,9.2,1,0,0,0,0,0,5.1,11.9,-2,1,10,72,0,0,0,7.1,0,0,0,0,0,0,4.5,10.6,1.8,2.2,17,67,0,0,0,10.2,0,0,0,0,0,0,3.3,12
78,78,2015,3,18,5,1,1441,653,115,239,15,51,23,64,212,423,31,94,75,110,111,16,15,13,53,98,6.5,16.1,,0.6,3,67,0,0,0,,0,0,0,0,0,0,5.4,17.8,-6.3,0.8,3,74,0,0,0,9.7,0,0,0,0,0,0,7.1,15,-1.3,3.6,0,71,0,0,0,10.4,0,0,0,0,0,0,4.5,15.6,,1.7,3,70,0,0,0,,0,0,0,0,0,0,8.9,17,-4.5,0.9,3,63,0,0,0,10.4,0,0,0,0,0,0,5.3,15,-5.3,1.5,3,72,0,0,0,10.1,0,0,0,0,0,0,5.8,15,-4.5,1.4,3,77,0,0,0,9.8,0,0,0,0,0,0,7.1,16.7,-2.2,2,0,72,0,0,0,10.1,0,0,0,0,0,0,7.4,16.6,-3.5,1.2,0,63,0,0,0,10.5,0,0,0,0,0,0,5.5,16,-4,1.3,0,63,0,0,0,10.3,0,0,0,0,0,0,3.3,12
79,79,2015,3,19,6,2,1544,709,115,178,15,51,23,64,212,423,31,94,75,110,111,16,15,13,43,78,9.1,16.4,,2.6,17,60,0,0,0,,0,0,0,0,0,0,8.5,16.9,-5.5,2.4,27,65,0,0,0,9.5,0,0,0,0,0,0,8.6,17.1,-0.6,3.3,0,67,0,0,0,9.9,0,0,0,0,0,0,6.8,16.8,,1.2,10,61,0,0,0,,0,0,0,0,0,0,9.4,17.7,-3,1,3,61,0,0,0,10.6,0,0,0,0,0,0,7.2,15,-3.8,2.2,27,65,0,0,0,9.8,0,0,0,0,0,0,7,14.4,-5.5,1.4,33,69,0,0,0,6.7,0,0,0,0,0,0,7.6,17.6,-2.1,2.2,3,74,0,0,0,10.7,0,0,0,0,0,0,8.9,17,-2.1,1.2,3,57,0,0,0,10.5,0,0,0,0,0,0,6,16.5,-5,1.2,10,66,0,0,0,10.7,0,0,0,0,0,0,3.3,12
80,80,2015,3,20,7,3,1214,587,115,178,15,51,23,64,212,423,31,94,75,110,111,16,15,13,32,58,10.8,18.5,,2.7,23,62,0,0,0,,0,0,0,0,0,0,10,17.8,-4,2.4,27,63,0,0,0,9.7,0,0,0,0,0,0,10.2,16.9,0.8,4.1,30,75,0,0,0,7.8,0,0,0,0,0,0,6.2,16.3,,1.1,20,72,0,0,0,,0,0,0,0,0,0,10.3,17,-3.2,2.8,20,63,0,0,0,10.1,1,0,0,0,0,0,9.1,17.3,-4,1.6,7,64,0,0,0,9.5,0,0,0,0,0,0,8.1,16,-3.3,1.6,0,72,0,0,0,9.4,0,0,0,0,0,0,9.7,17.2,-1.6,2.3,30,74,0,0,0,9.1,0,0,0,0,0,0,10.6,19.1,-1.6,1.4,33,63,0,0,0,10.4,1,0,0,0,0,0,7,15.1,-4,3.6,40,75,0,0,0,9.2,0,0,0,0,0,0,3.3,12
81,81,2015,3,21,1,1,1251,575,115,178,15,51,23,64,212,423,31,94,75,110,111,16,15,13,48,88,7.6,12.9,,2.3,87,81,0,0,0,,0,0,0,0,0,0,8.1,12,0.5,2.1,97,71,0,0,0,0,0,0,0,0,0,0,12.6,15.5,4.6,2.6,90,78,0,0,0,1.7,0,0,0,0,0,0,6.1,11.3,,1.5,67,80,0,0,0,,0,0,0,0,0,0,7.5,12.3,0,1.4,73,84,0,0,0,1.7,0,0,0,0,0,0,7.1,10.3,-1.9,2.3,90,70,0,0,0,1.9,0,0,0,0,0,0,7,10.6,1.1,1.7,67,67,0,0,0,4.3,0,0,0,0,0,0,11.1,16.7,3.2,2.4,80,84,0,0,0,3.7,1,0,0,0,0,0,6.5,12.4,2.8,1,97,94,0,0,0,0,0,0,0,0,0,0,6.5,10.9,2.8,1.5,100,95,0,0,0,1,0,0,0,0,0,0,3.3,12
82,82,2015,3,22,2,1,1203,409,115,239,15,51,23,64,212,423,31,94,75,110,111,16,15,13,48,88,7.8,13,,2.7,60,65,0.9,0,0,,0,0,0,0,0,0,6.9,13.6,0.8,1.3,67,74,0,0,0,1.4,0,0,0,0,0,0,12.1,17.9,1.4,3.7,20,56,0.9,0,0,9.9,1,0,0,0,0,0,7.7,13.1,,1.7,83,71,0,0,0,,0,0,0,0,0,0,8.9,13,6.2,1.5,73,69,0.5,0,0,2.7,0,0,0,0,0,0,7.4,12.1,4.2,1.6,90,70,0.1,0,0,4.6,0,0,0,0,0,0,7.3,12.5,3.8,1.6,70,75,0.8,0,0,4.6,0,0,0,0,0,0,10.3,16.4,2.5,4.8,0,61,0,0,0,9.9,1,0,0,0,0,0,7.7,12.3,2.8,2.1,67,68,3.4,0,0,2.5,0,0,0,0,0,0,7.1,11.7,3,2.3,43,64,1.7,0,0,9.4,0,0,0,0,0,0,3.3,12
83,83,2015,3,23,3,1,1198,515,115,239,15,51,23,64,212,423,31,94,75,110,111,16,15,13,48,87,6.1,9,,3.2,97,65,0,0,0,,1,0,0,0,0,0,7.1,9.3,-2.5,3,93,59,0,0,0,0,1,0,0,0,0,0,10.4,11.6,3.6,6.4,90,41,0,0,0,0,1,1,0,0,0,0,3.9,8.4,,2.6,87,64,0,0,0,,1,0,0,0,0,0,7,8,1.3,4.5,93,60,0,0,0,0,1,0,0,0,0,0,6.7,9,2.6,4.1,83,62,0,0,0,0,0,0,0,0,0,0,6.6,8.9,0.8,4,93,65,0.1,0,0,0,1,0,0,0,0,0,9.6,12.1,7.4,4.8,63,40,0,0,0,0,1,0,0,0,0,0,6,8.3,0.6,2.6,93,65,0,0,0,0,1,0,0,0,0,0,4.3,5.5,1.8,7.6,97,64,0,0,0,0.6,1,0,0,0,0,0,3.3,12
84,84,2015,3,24,4,1,1393,447,115,239,15,51,23,64,212,423,31,94,75,110,111,16,5,13,48,87,6,12,,1.9,50,58,0,0,0,,1,0,0,0,0,0,3.8,12.7,-2.6,2.3,63,75,0.2,0,0,4.7,0,0,0,0,0,0,9,14.2,-4,2.3,50,61,0,0,0,10.7,0,0,0,0,0,0,6.8,12.6,,2.3,40,48,0,0,0,,1,0,0,0,0,0,7.2,12.6,-4,1.5,53,53,0,0,0,6.5,0,0,0,0,0,0,6.8,12.2,-1.1,3.3,77,53,0,0,0,6.5,1,0,0,0,0,0,6.3,11.2,-1.5,5,53,60,0,0,0,7.4,1,0,0,0,0,0,9.4,16,-2.6,1.7,50,51,0,0,0,9.1,0,0,0,0,0,0,5.9,12.1,-2.6,1.7,63,58,0,0,0,5.4,0,0,0,0,0,0,4.3,11.6,-1.4,3.2,40,47,0.1,0,0,10.2,0,0,0,0,0,0,3.3,12
85,85,2015,3,25,5,1,1273,505,115,239,15,21,16,64,212,423,31,94,75,110,111,16,5,13,53,98,8.4,14.2,,2.8,93,57,0,0,0,,0,0,0,0,0,0,6.6,14,-7,1.6,90,69,0,0,0,4.7,0,0,0,0,0,0,10.2,14.2,3.4,3,90,64,0,0,0,1.6,0,0,0,0,0,0,6,12.4,,1.3,93,66,0,0,0,,1,0,0,0,0,0,7.6,12.7,-2.5,2.9,80,60,0,0,0,4.7,1,0,0,0,0,0,7.8,12.8,-1.9,3,87,59,0,0,0,0.8,0,0,0,0,0,0,7.8,12.3,-2.9,1.8,93,63,0,0,0,1,0,0,0,0,0,0,9,13,4,2.1,93,61,0,0,0,0,0,0,0,0,0,0,7.7,13.5,-3.3,1.8,93,58,0,0,0,4.7,0,0,0,0,0,0,5.5,9.7,0.3,1.2,97,72,0,0,0,0.7,0,0,0,0,0,0,3.3,12
86,86,2015,3,26,6,2,1356,617,115,239,15,21,16,43,119,145,11,28,20,28,20,6,5,2,42,78,7.1,12.1,,1.7,60,81,0,0,0,,0,0,0,0,0,0,6.2,12.3,4.1,1.1,63,87,0,0,0,1.2,0,0,0,0,0,0,8.1,13.7,1.6,2.8,43,73,0,0,0,5.7,0,0,0,0,0,0,5.2,14.2,,0.7,43,75,0,0,0,,0,0,0,0,0,0,8.6,13.6,0.4,0.6,50,67,0,0,0,3.3,0,0,0,0,0,0,6.3,12.5,2.3,1.4,63,74,0,0,0,2.2,0,0,0,0,0,0,7.7,11.2,2.8,0.8,80,79,0,0,0,1.6,1,1,0,0,0,0,9.1,16.4,2.4,0.8,50,71,0,0,0,5.3,0,0,0,0,0,0,6.6,12.3,4.1,1.2,60,93,0,0,0,2.9,0,0,0,0,0,0,5.6,12.8,0.9,1.2,47,74,0,0,0,3.8,0,0,0,0,0,0,3.3,12
87,87,2015,3,27,7,3,1297,574,89,239,15,21,16,43,119,145,11,28,20,28,20,6,15,2,32,58,10.8,16,,2.4,70,63,1.2,0,0,,0,0,0,0,0,0,7.2,15.2,-4,1.6,67,78,0.4,0,0,3.4,0,0,0,0,0,0,8.9,15.8,0,3.7,40,73,0,0,0,5.6,0,0,0,0,0,0,6.1,13.9,,0.6,67,75,0,0,0,,0,0,0,0,0,0,9.1,15.5,-2,1.6,50,68,0,0,0,4.8,0,0,0,0,0,0,9.1,14.7,0.8,2.7,70,65,0,0,0,9.3,0,0,0,0,0,0,8.4,14.9,-2.9,1.7,47,72,0,0,0,8.4,0,0,0,0,0,0,8,14.5,0,2.1,70,74,0,0,0,0.7,0,0,0,0,0,0,10.7,16.1,1.5,1.7,53,62,2.1,0,0,5.4,0,0,0,0,0,0,5.8,13.7,-4.3,2.5,90,68,0,0,0,5.3,0,0,0,0,0,0,3.3,12
88,88,2015,3,28,1,1,1076,471,89,239,15,51,23,43,119,145,11,28,20,28,20,6,15,2,48,87,10.3,13.8,,1.4,83,80,0,0,0,,0,0,0,0,0,0,9.2,13.7,-1.3,3.4,57,85,0,0,0,1.3,1,0,0,0,0,0,12.1,15,3.3,3,90,81,0.2,0,0,0.3,1,0,0,0,0,0,8.5,10.6,,1,97,82,0,0,0,,0,0,0,0,0,0,9.3,10.7,4.7,1.3,90,88,0,0,0,0,0,0,0,0,0,0,10.4,15,0.2,5.1,67,73,0,0,0,8.5,1,0,0,0,0,0,10.8,15.6,1.3,5.3,53,73,0,0,0,6.8,1,0,0,0,0,0,10.4,12.5,2.8,0.5,100,94,0.1,0,0,0,0,0,0,0,0,0,11,13.5,4.4,3,90,74,0.3,0,0,0.2,1,0,0,0,0,0,7.4,9.4,1,3.2,97,98,0.6,0,0,0.9,0,0,0,0,0,0,3.3,12
89,89,2015,3,29,2,1,1392,601,89,239,6,51,23,43,119,145,11,28,20,28,20,6,15,2,47,87,11.7,17.9,,4.2,53,70,0,0,0,,1,0,0,0,0,0,11.1,17.1,0.6,3.2,60,73,0,0,0,7.5,1,0,0,0,0,0,13.9,18.1,5.6,3.4,77,67,0,0,0,4.4,0,0,0,0,0,0,9.4,15.8,,2.4,87,74,0,0,0,,0,0,0,0,0,0,12.5,15.2,5,2.5,80,71,0.6,0,0,2,1,0,0,0,0,0,10.5,18.4,0.2,3.2,60,72,0,0,0,9.7,1,0,0,0,0,0,10.1,18.8,0.2,2.3,60,78,0,0,0,6.1,1,0,0,0,0,0,12.1,17,7.8,2.1,93,82,1,0,0,2.9,0,0,0,0,0,0,11.7,17.7,3.5,3,73,63,0,0,0,3.1,1,0,0,0,0,0,8.8,12.7,5.7,3.6,93,88,1.3,0,0,1.1,0,0,0,0,0,0,3.3,12
90,90,2015,3,30,3,1,1358,577,115,239,6,51,50,43,119,145,11,28,20,28,20,6,15,2,47,88,13.2,18.1,,4.6,63,67,0,0,0,,1,0,0,0,0,0,13,17.5,2.8,3.3,67,73,0,0,0,3,1,0,0,0,0,0,15,18.1,5.9,3.5,87,68,0,0,0,1.2,0,0,0,0,0,0,10.5,13.6,,1.4,87,79,0,0,0,,0,0,0,0,0,0,12.6,15.6,5.2,2.1,90,73,0,0,0,1.1,0,0,0,0,0,0,12.2,18.1,-0.2,6.3,50,69,0,0,0,4.3,1,0,0,0,0,0,12.6,18.5,0,4.8,57,70,0,0,0,5.4,1,0,0,0,0,0,12.2,16.8,3.8,1.9,93,84,0,0,0,1.3,0,0,0,0,0,0,13.2,17.7,4,2.9,83,67,0,0,0,2.2,1,0,0,0,0,0,10.5,13.2,4.1,3,100,93,0,0,0,0.8,0,0,0,0,0,0,3.3,12
91,91,2015,3,31,4,1,1381,574,115,239,6,51,50,43,119,145,11,28,20,28,20,6,15,2,47,88,15.6,20.6,,4.5,47,58,0,0,0,,1,0,0,0,0,0,15.8,20.5,5.2,4.6,70,65,0,0,0,7.2,1,0,0,0,0,0,14.4,20.2,7.5,2.9,37,75,0,0,0,8.9,0,0,0,0,0,0,13.5,18.1,,2.3,60,74,2.3,0,0,,0,0,0,0,0,0,14.8,18.7,9,2.5,67,70,0.1,0,0,6.8,0,0,0,0,0,0,16.1,20.4,4.6,7.3,87,57,0,0,0,7.9,1,1,0,0,0,0,16.9,20.5,9.9,6.7,47,56,0,0,0,8.4,1,1,0,0,0,0,14.3,19.8,8.3,1.7,80,81,0,0,0,4.4,0,0,0,0,0,0,16.4,20.5,8,3.4,33,53,0,0,0,9.1,1,0,0,0,0,0,11.5,15.5,8.3,4.6,67,87,1,0,0,3.4,0,0,0,0,0,0,3.3,12